ID,Jornada,Tela / etapa,Elemento,Texto atual,Texto recomendado,Decisão,Prioridade,Critério aplicado,Condição de exibição,Natureza,Arquivo-fonte
1,Resultado pós-teste,Cabeçalho,Título,Resultado,Resultado do teste,Ajustar,Média,Clareza e objetividade,Sempre,Fixo,android/app/src/main/kotlin/io/veloo/app/kotlin/ui/screen/ResultadoVelocidadeScreen.kt
2,Resultado pós-teste,Cabeçalho,Acessibilidade,Voltar,Voltar,Manter,Baixa,Clareza e objetividade,Botão de navegação,Fixo,android/app/src/main/kotlin/io/veloo/app/kotlin/ui/screen/ResultadoVelocidadeScreen.kt
3,Resultado pós-teste,Cabeçalho,Acessibilidade,Compartilhar PDF do resultado,Compartilhar resultado,Ajustar,Média,Clareza e objetividade,Botão de compartilhamento,Fixo,android/app/src/main/kotlin/io/veloo/app/kotlin/ui/screen/ResultadoVelocidadeScreen.kt
4,Resultado pós-teste,Resumo,Título do veredito,{título da decisão do motor},{título da decisão do motor},Manter,Baixa,Clareza e objetividade,Quando o relatório contém uma decisão,Dinâmico determinístico,android/app/src/main/kotlin/io/veloo/app/kotlin/ui/screen/ResultadoVelocidadeScreen.kt
5,Resultado pós-teste,Resumo,Título de fallback,Resultado,Resultado do teste,Ajustar,Média,Clareza e objetividade,Quando não há título de decisão,Fixo,android/app/src/main/kotlin/io/veloo/app/kotlin/ui/screen/ResultadoVelocidadeScreen.kt
6,Resultado pós-teste,Resumo,Mensagem do veredito,{mensagem para o usuário da decisão do motor},{mensagem para o usuário da decisão do motor},Manter,Baixa,Clareza e objetividade,Quando o relatório contém uma mensagem,Dinâmico determinístico,android/app/src/main/kotlin/io/veloo/app/kotlin/ui/screen/ResultadoVelocidadeScreen.kt
7,Resultado pós-teste,Rede,Chip,Teste realizado via Wi-Fi,Teste feito pelo Wi-Fi,Ajustar,Média,Clareza e objetividade,Conexão detectada como Wi-Fi,Fixo condicionado,android/app/src/main/kotlin/io/veloo/app/kotlin/ui/screen/ResultadoVelocidadeScreen.kt
8,Resultado pós-teste,Rede,Chip,Teste realizado via rede móvel,Teste feito pela rede móvel,Ajustar,Média,Clareza e objetividade,Rede móvel sem tecnologia identificada,Fixo condicionado,android/app/src/main/kotlin/io/veloo/app/kotlin/ui/screen/ResultadoVelocidadeScreen.kt
9,Resultado pós-teste,Rede,Chip,Teste realizado via 5G,Teste feito pelo 5G,Ajustar,Média,Clareza e objetividade,Tecnologia contém 5G,Fixo condicionado,android/app/src/main/kotlin/io/veloo/app/kotlin/ui/screen/ResultadoVelocidadeScreen.kt
10,Resultado pós-teste,Rede,Chip,Teste realizado via 4G,Teste feito pelo 4G,Ajustar,Média,Clareza e objetividade,Tecnologia contém 4G ou LTE,Fixo condicionado,android/app/src/main/kotlin/io/veloo/app/kotlin/ui/screen/ResultadoVelocidadeScreen.kt
11,Resultado pós-teste,Métricas,Rótulo,Download,Velocidade de download,Ajustar,Média,Clareza e objetividade,Sempre,Fixo,android/app/src/main/kotlin/io/veloo/app/kotlin/ui/screen/ResultadoVelocidadeScreen.kt
12,Resultado pós-teste,Métricas,Unidade,Mbps,Mbps,Manter,Baixa,Clareza e objetividade,Download e upload detectado,Fixo,android/app/src/main/kotlin/io/veloo/app/kotlin/ui/screen/ResultadoVelocidadeScreen.kt
13,Resultado pós-teste,Métricas,Rótulo,Upload,Velocidade de upload,Ajustar,Média,Clareza e objetividade,Sempre,Fixo,android/app/src/main/kotlin/io/veloo/app/kotlin/ui/screen/ResultadoVelocidadeScreen.kt
14,Resultado pós-teste,Métricas,Valor,—,—,Manter,Baixa,Clareza e objetividade,Upload não detectado,Fixo condicionado,android/app/src/main/kotlin/io/veloo/app/kotlin/ui/screen/ResultadoVelocidadeScreen.kt
15,Resultado pós-teste,Métricas,Unidade,não detectado,Não foi possível medir,Ajustar,Média,Clareza e objetividade,Upload não detectado,Fixo condicionado,android/app/src/main/kotlin/io/veloo/app/kotlin/ui/screen/ResultadoVelocidadeScreen.kt
16,Resultado pós-teste,Métricas,Ação,Ver métricas detalhadas,Ver detalhes da conexão,Ajustar,Média,Clareza e objetividade,Detalhes recolhidos,Fixo condicionado,android/app/src/main/kotlin/io/veloo/app/kotlin/ui/screen/ResultadoVelocidadeScreen.kt
17,Resultado pós-teste,Métricas,Ação,Ocultar métricas detalhadas,Ocultar detalhes da conexão,Ajustar,Média,Clareza e objetividade,Detalhes expandidos,Fixo condicionado,android/app/src/main/kotlin/io/veloo/app/kotlin/ui/screen/ResultadoVelocidadeScreen.kt
18,Resultado pós-teste,Métricas,Rótulo,Latência,Tempo de resposta,Ajustar,Média,Simplificar termo técnico,Detalhes expandidos,Fixo condicionado,android/app/src/main/kotlin/io/veloo/app/kotlin/ui/screen/ResultadoVelocidadeScreen.kt
19,Resultado pós-teste,Métricas,Rótulo,Oscilação,Variação do tempo de resposta,Ajustar,Média,Clareza e objetividade,Detalhes expandidos,Fixo condicionado,android/app/src/main/kotlin/io/veloo/app/kotlin/ui/screen/ResultadoVelocidadeScreen.kt
20,Resultado pós-teste,Métricas,Rótulo,Perda estimada,Falhas estimadas na conexão,Ajustar,Média,Preservar incerteza,Detalhes expandidos,Fixo condicionado,android/app/src/main/kotlin/io/veloo/app/kotlin/ui/screen/ResultadoVelocidadeScreen.kt
21,Resultado pós-teste,Métricas,Rótulo,Atraso sob carga,Lentidão com a rede ocupada,Ajustar,Média,Clareza e objetividade,Detalhes expandidos,Fixo condicionado,android/app/src/main/kotlin/io/veloo/app/kotlin/ui/screen/ResultadoVelocidadeScreen.kt
22,Resultado pós-teste,Métricas,Unidade,ms,ms,Manter,Baixa,Clareza e objetividade,"Latência, oscilação e atraso sob carga",Fixo,android/app/src/main/kotlin/io/veloo/app/kotlin/ui/screen/ResultadoVelocidadeScreen.kt
23,Resultado pós-teste,Métricas,Unidade,%,%,Manter,Baixa,Clareza e objetividade,Perda estimada,Fixo,android/app/src/main/kotlin/io/veloo/app/kotlin/ui/screen/ResultadoVelocidadeScreen.kt
24,Resultado pós-teste,Métricas,Status,Excelente,Excelente,Manter,Baixa,Clareza e objetividade,Conforme classificação da métrica,Fixo condicionado,android/app/src/main/kotlin/io/veloo/app/kotlin/ui/screen/ResultadoVelocidadeScreen.kt
25,Resultado pós-teste,Métricas,Status,Bom,Bom,Manter,Baixa,Clareza e objetividade,Conforme classificação da métrica,Fixo condicionado,android/app/src/main/kotlin/io/veloo/app/kotlin/ui/screen/ResultadoVelocidadeScreen.kt
26,Resultado pós-teste,Métricas,Status,Regular,Pode melhorar,Ajustar,Média,Clareza e objetividade,Conforme classificação da métrica,Fixo condicionado,android/app/src/main/kotlin/io/veloo/app/kotlin/ui/screen/ResultadoVelocidadeScreen.kt
27,Resultado pós-teste,Métricas,Status,Ruim,Ruim,Manter,Baixa,Clareza e objetividade,Conforme classificação da métrica,Fixo condicionado,android/app/src/main/kotlin/io/veloo/app/kotlin/ui/screen/ResultadoVelocidadeScreen.kt
28,Resultado pós-teste,Métricas,Status,Crítico,Muito ruim,Ajustar,Média,Clareza e objetividade,Conforme classificação da métrica,Fixo condicionado,android/app/src/main/kotlin/io/veloo/app/kotlin/ui/screen/ResultadoVelocidadeScreen.kt
29,Resultado pós-teste,Métricas,Status,Inconclusivo,Não foi possível avaliar,Ajustar,Média,Clareza e objetividade,Métrica sem dado confiável,Fixo condicionado,android/app/src/main/kotlin/io/veloo/app/kotlin/ui/screen/ResultadoVelocidadeScreen.kt
30,Resultado pós-teste,Métricas,Acessibilidade,"{rótulo}: {valor} {unidade}, {veredito}","{rótulo}: {valor} {unidade}, {veredito}",Manter,Baixa,Clareza e objetividade,Cada card de métrica,Template variável,android/app/src/main/kotlin/io/veloo/app/kotlin/ui/screen/ResultadoVelocidadeScreen.kt
31,Resultado pós-teste,Aviso,Callout,Upload não detectado — verifique a conexão,Não consegui medir o envio de dados. Vamos tentar novamente.,Ajustar,Média,Clareza e objetividade,Upload não detectado,Fixo condicionado,android/app/src/main/kotlin/io/veloo/app/kotlin/ui/screen/ResultadoVelocidadeScreen.kt
32,Resultado pós-teste,Aviso,Callout,O teste foi interrompido porque a conexão caiu ou mudou durante a medição. Tente novamente quando a rede estabilizar.,O teste foi interrompido porque a conexão caiu ou mudou durante a medição. Tente novamente quando a rede estabilizar.,Manter,Baixa,Clareza e objetividade,Teste contaminado por mudança de rede,Fixo condicionado,android/app/src/main/kotlin/io/veloo/app/kotlin/ui/screen/ResultadoVelocidadeScreen.kt
33,Resultado pós-teste,Aviso,Callout,Resultado pode conter interferência de outros apps,Outros aplicativos podem ter afetado o resultado.,Ajustar,Média,Preservar incerteza,Teste contaminado por outra causa,Fixo condicionado,android/app/src/main/kotlin/io/veloo/app/kotlin/ui/screen/ResultadoVelocidadeScreen.kt
34,Resultado pós-teste,Experiência,Seção,Experiência de uso,Como sua internet deve funcionar,Ajustar,Média,Clareza e objetividade,Sempre,Fixo,android/app/src/main/kotlin/io/veloo/app/kotlin/ui/screen/ResultadoVelocidadeScreen.kt
35,Resultado pós-teste,Experiência,Perfil,Vídeos em 4K,Vídeos em alta qualidade,Ajustar,Média,Clareza e objetividade,Sempre,Fixo,android/app/src/main/kotlin/io/veloo/app/kotlin/ui/screen/ResultadoVelocidadeScreen.kt
36,Resultado pós-teste,Experiência,Perfil,Jogos online,Jogos online,Manter,Baixa,Clareza e objetividade,Sempre,Fixo,android/app/src/main/kotlin/io/veloo/app/kotlin/ui/screen/ResultadoVelocidadeScreen.kt
37,Resultado pós-teste,Experiência,Perfil,Videochamadas,Chamadas de vídeo,Ajustar,Média,Clareza e objetividade,Sempre,Fixo,android/app/src/main/kotlin/io/veloo/app/kotlin/ui/screen/ResultadoVelocidadeScreen.kt
38,Resultado pós-teste,Experiência,Badge,Ótimo,Ótimo,Manter,Baixa,Clareza e objetividade,Perfil classificado como good,Fixo condicionado,android/app/src/main/kotlin/io/veloo/app/kotlin/ui/screen/ResultadoVelocidadeScreen.kt
39,Resultado pós-teste,Experiência,Badge,Bom,Bom,Manter,Baixa,Clareza e objetividade,Perfil classificado como acceptable,Fixo condicionado,android/app/src/main/kotlin/io/veloo/app/kotlin/ui/screen/ResultadoVelocidadeScreen.kt
40,Resultado pós-teste,Experiência,Badge,Ruim,Ruim,Manter,Baixa,Clareza e objetividade,Perfil classificado como poor,Fixo condicionado,android/app/src/main/kotlin/io/veloo/app/kotlin/ui/screen/ResultadoVelocidadeScreen.kt
41,Resultado pós-teste,Navegação,CTA,Iniciar diagnóstico guiado,Descobrir o que está acontecendo,Ajustar,Média,Clareza e objetividade,Sempre,Fixo,android/app/src/main/kotlin/io/veloo/app/kotlin/ui/screen/ResultadoVelocidadeScreen.kt
42,Resultado pós-teste,Navegação,CTA,Modo gamer,Analisar jogos online,Ajustar,Média,Clareza e objetividade,Sempre,Fixo,android/app/src/main/kotlin/io/veloo/app/kotlin/ui/screen/ResultadoVelocidadeScreen.kt
43,Resultado pós-teste,Navegação,CTA,Ver detalhes técnicos,Ver detalhes da conexão,Ajustar,Média,Clareza e objetividade,Sempre,Fixo,android/app/src/main/kotlin/io/veloo/app/kotlin/ui/screen/ResultadoVelocidadeScreen.kt
44,Resultado pós-teste,Navegação,CTA,Testar novamente,Refazer o teste,Ajustar,Média,Clareza e objetividade,Sempre,Fixo,android/app/src/main/kotlin/io/veloo/app/kotlin/ui/screen/ResultadoVelocidadeScreen.kt
45,Resultado pós-teste,Navegação,CTA,Ir para o início,Voltar ao início,Ajustar,Média,Clareza e objetividade,Sempre,Fixo,android/app/src/main/kotlin/io/veloo/app/kotlin/ui/screen/ResultadoVelocidadeScreen.kt
46,Resultado pós-teste,Motor geral,Título,Sem Dados de Velocidade,Não encontrei um teste recente,Ajustar,Média,Clareza e objetividade,Sem dados de speedtest,Fixo condicionado,android/core/diagnostico/src/main/kotlin/io/signallq/app/core/diagnostico/InternetDiagnosticEngine.kt
47,Resultado pós-teste,Motor geral,Mensagem,Nenhum teste de velocidade disponível para análise.,Não encontrei um teste recente para analisar.,Ajustar,Média,Clareza e objetividade,Sem dados de speedtest,Fixo condicionado,android/core/diagnostico/src/main/kotlin/io/signallq/app/core/diagnostico/InternetDiagnosticEngine.kt
48,Resultado pós-teste,Motor geral,Recomendação,Execute um teste de velocidade para obter o diagnóstico completo.,Faça um teste de velocidade para eu analisar sua conexão.,Ajustar,Média,Clareza e objetividade,Sem dados de speedtest,Fixo condicionado,android/core/diagnostico/src/main/kotlin/io/signallq/app/core/diagnostico/InternetDiagnosticEngine.kt
49,Resultado pós-teste,Motor geral,Título,Internet Indisponível,A internet pode estar sem acesso,Ajustar,Média,Clareza e objetividade,Download não medido,Fixo condicionado,android/core/diagnostico/src/main/kotlin/io/signallq/app/core/diagnostico/InternetDiagnosticEngine.kt
50,Resultado pós-teste,Motor geral,Mensagem,O teste de velocidade não conseguiu medir o download. A internet pode estar sem acesso.,Não consegui medir a velocidade. Sua internet pode estar sem acesso.,Ajustar,Média,Preservar incerteza,Download não medido,Fixo condicionado,android/core/diagnostico/src/main/kotlin/io/signallq/app/core/diagnostico/InternetDiagnosticEngine.kt
51,Resultado pós-teste,Motor geral,Recomendação,"Verifique se outros sites ou apps funcionam. Se não funcionarem, o problema pode ser no roteador ou no provedor.","Veja se outros sites ou aplicativos abrem. Se nada funcionar, o problema pode estar no roteador ou na operadora.",Ajustar,Média,Preservar incerteza,Download não medido,Fixo condicionado,android/core/diagnostico/src/main/kotlin/io/signallq/app/core/diagnostico/InternetDiagnosticEngine.kt
52,Resultado pós-teste,Motor geral,Título,Perda de Pacotes Alta,Muitas falhas na conexão,Ajustar,Média,Clareza e objetividade,Perda ≥ 3% em Wi-Fi,Fixo condicionado,android/core/diagnostico/src/main/kotlin/io/signallq/app/core/diagnostico/InternetDiagnosticEngine.kt
53,Resultado pós-teste,Motor geral,Mensagem,Há perda de pacotes alta ({perda}%). Calls de vídeo e jogos serão gravemente afetados.,Sua conexão está com muitas falhas ({perda}%). Chamadas de vídeo e jogos serão gravemente afetados.,Ajustar,Alta,Clareza e objetividade,Perda ≥ 3% em Wi-Fi,Template variável,android/core/diagnostico/src/main/kotlin/io/signallq/app/core/diagnostico/InternetDiagnosticEngine.kt
54,Resultado pós-teste,Motor geral,Recomendação,"Reinicie o roteador e o modem. Se persistir, contate o provedor.","Reinicie o roteador e o modem. Se persistir, contate a operadora.",Ajustar,Média,Clareza e objetividade,Perda ≥ 3% em Wi-Fi,Fixo condicionado,android/core/diagnostico/src/main/kotlin/io/signallq/app/core/diagnostico/InternetDiagnosticEngine.kt
55,Resultado pós-teste,Motor geral,Título,Perda de Pacotes Alta,Muitas falhas na conexão,Ajustar,Média,Clareza e objetividade,Perda ≥ 3% em rede móvel,Fixo condicionado,android/core/diagnostico/src/main/kotlin/io/signallq/app/core/diagnostico/InternetDiagnosticEngine.kt
56,Resultado pós-teste,Motor geral,Mensagem,Há perda de pacotes alta ({perda}%). Calls de vídeo e jogos serão gravemente afetados.,Sua conexão está com muitas falhas ({perda}%). Chamadas de vídeo e jogos serão gravemente afetados.,Ajustar,Alta,Clareza e objetividade,Perda ≥ 3% em rede móvel,Template variável,android/core/diagnostico/src/main/kotlin/io/signallq/app/core/diagnostico/InternetDiagnosticEngine.kt
57,Resultado pós-teste,Motor geral,Recomendação,"Teste em outro local ou horário. Se persistir, contate a operadora.","Teste em outro local ou horário. Se persistir, contate a operadora.",Manter,Baixa,Clareza e objetividade,Perda ≥ 3% em rede móvel,Fixo condicionado,android/core/diagnostico/src/main/kotlin/io/signallq/app/core/diagnostico/InternetDiagnosticEngine.kt
58,Resultado pós-teste,Motor geral,Título,Perda de Pacotes Moderada,Algumas falhas na conexão,Ajustar,Média,Clareza e objetividade,Perda entre 1% e 3%,Fixo condicionado,android/core/diagnostico/src/main/kotlin/io/signallq/app/core/diagnostico/InternetDiagnosticEngine.kt
59,Resultado pós-teste,Motor geral,Mensagem,Há alguma perda de pacotes ({perda}%). Jogos e chamadas podem ser afetados.,Sua conexão está com algumas falhas ({perda}%). Jogos e chamadas podem ser afetados.,Ajustar,Média,Preservar incerteza,Perda entre 1% e 3%,Template variável,android/core/diagnostico/src/main/kotlin/io/signallq/app/core/diagnostico/InternetDiagnosticEngine.kt
60,Resultado pós-teste,Motor geral,Recomendação,Verifique interferências no Wi-Fi ou instabilidade no link.,Verifique interferências no Wi-Fi ou instabilidade no link.,Manter,Baixa,Clareza e objetividade,Perda entre 1% e 3%,Fixo condicionado,android/core/diagnostico/src/main/kotlin/io/signallq/app/core/diagnostico/InternetDiagnosticEngine.kt
61,Resultado pós-teste,Motor geral,Título,Jitter Elevado,A conexão está oscilando,Ajustar,Alta,Simplificar termo técnico,Jitter acima do limiar,Fixo condicionado,android/core/diagnostico/src/main/kotlin/io/signallq/app/core/diagnostico/InternetDiagnosticEngine.kt
62,Resultado pós-teste,Motor geral,Mensagem,O jitter está alto ({jitter} ms). Chamadas de voz e jogos podem ter instabilidade.,A variação do tempo de resposta está alta ({jitter} ms). Chamadas de voz e jogos podem ter instabilidade.,Ajustar,Alta,Simplificar termo técnico; Preservar incerteza,Jitter acima do limiar,Template variável,android/core/diagnostico/src/main/kotlin/io/signallq/app/core/diagnostico/InternetDiagnosticEngine.kt
63,Resultado pós-teste,Motor geral,Recomendação,Verifique se há outros dispositivos consumindo a rede. Um jitter alto pode indicar congestionamento.,Verifique se há outros dispositivos consumindo a rede. Um variação do tempo de resposta alto pode indicar congestionamento.,Ajustar,Alta,Simplificar termo técnico; Preservar incerteza,Jitter acima do limiar,Fixo condicionado,android/core/diagnostico/src/main/kotlin/io/signallq/app/core/diagnostico/InternetDiagnosticEngine.kt
64,Resultado pós-teste,Motor geral,Título,Latência Alta,A conexão está demorando para responder,Ajustar,Média,Simplificar termo técnico,Latência > 100 ms,Fixo condicionado,android/core/diagnostico/src/main/kotlin/io/signallq/app/core/diagnostico/InternetDiagnosticEngine.kt
65,Resultado pós-teste,Motor geral,Mensagem,"A latência está acima de 100 ms ({latência} ms), acima da referência Anatel RQUAL.","O tempo de resposta está acima de 100 ms ({latência} ms), acima da referência Anatel RQUAL.",Ajustar,Média,Simplificar termo técnico,Latência > 100 ms,Template variável,android/core/diagnostico/src/main/kotlin/io/signallq/app/core/diagnostico/InternetDiagnosticEngine.kt
66,Resultado pós-teste,Motor geral,Recomendação,Latência alta pode ser causada por congestionamento no provedor ou Wi-Fi com sinal fraco.,O tempo de resposta alto pode ser causado por congestionamento na operadora ou Wi-Fi com sinal fraco.,Ajustar,Média,Simplificar termo técnico; Preservar incerteza,Latência > 100 ms,Fixo condicionado,android/core/diagnostico/src/main/kotlin/io/signallq/app/core/diagnostico/InternetDiagnosticEngine.kt
67,Resultado pós-teste,Motor geral,Título,Bufferbloat Crítico,A internet fica muito lenta quando está em uso,Ajustar,Alta,Simplificar termo técnico,Bufferbloat crítico,Fixo condicionado,android/core/diagnostico/src/main/kotlin/io/signallq/app/core/diagnostico/InternetDiagnosticEngine.kt
68,Resultado pós-teste,Motor geral,Mensagem,"O bufferbloat está muito alto ({bufferbloat} ms). Streaming, jogos e chamadas serão gravemente prejudicados mesmo com velocidade adequada.","A lentidão com a rede ocupada está muito alta ({bufferbloat} ms). Streaming, jogos e chamadas serão gravemente prejudicados mesmo com velocidade adequada.",Ajustar,Alta,Simplificar termo técnico; Encurtar,Bufferbloat crítico,Template variável,android/core/diagnostico/src/main/kotlin/io/signallq/app/core/diagnostico/InternetDiagnosticEngine.kt
69,Resultado pós-teste,Motor geral,Recomendação,Verifique se o roteador suporta QoS ou SQM. Reduza o número de dispositivos usando a rede simultaneamente.,Verifique se o roteador suporta priorização de tráfego. Reduza o número de dispositivos usando a rede simultaneamente.,Ajustar,Alta,Simplificar termo técnico,Bufferbloat crítico,Fixo condicionado,android/core/diagnostico/src/main/kotlin/io/signallq/app/core/diagnostico/InternetDiagnosticEngine.kt
70,Resultado pós-teste,Motor geral,Título,Bufferbloat Elevado,A internet fica mais lenta quando está em uso,Ajustar,Alta,Simplificar termo técnico,Bufferbloat elevado,Fixo condicionado,android/core/diagnostico/src/main/kotlin/io/signallq/app/core/diagnostico/InternetDiagnosticEngine.kt
71,Resultado pós-teste,Motor geral,Mensagem,O bufferbloat está elevado ({bufferbloat} ms). Jogos e chamadas podem ter instabilidade sob carga.,A lentidão com a rede ocupada está elevada ({bufferbloat} ms). Jogos e chamadas podem ter instabilidade sob carga.,Ajustar,Alta,Simplificar termo técnico; Preservar incerteza,Bufferbloat elevado,Template variável,android/core/diagnostico/src/main/kotlin/io/signallq/app/core/diagnostico/InternetDiagnosticEngine.kt
72,Resultado pós-teste,Motor geral,Recomendação,Verifique se o roteador suporta QoS ou SQM. Reduza o número de dispositivos usando a rede simultaneamente.,Verifique se o roteador suporta priorização de tráfego. Reduza o número de dispositivos usando a rede simultaneamente.,Ajustar,Alta,Simplificar termo técnico,Bufferbloat elevado,Fixo condicionado,android/core/diagnostico/src/main/kotlin/io/signallq/app/core/diagnostico/InternetDiagnosticEngine.kt
73,Resultado pós-teste,Motor geral,Título,Upload Zerado,Não consegui medir o envio de dados,Ajustar,Média,Clareza e objetividade,Upload = 0,Fixo condicionado,android/core/diagnostico/src/main/kotlin/io/signallq/app/core/diagnostico/InternetDiagnosticEngine.kt
74,Resultado pós-teste,Motor geral,Mensagem,"O upload medido foi 0 Mbps. Isso costuma quebrar videoconferencias, jogos online, trabalho remoto e envio de arquivos.","O upload medido foi 0 Mbps. Isso costuma quebrar chamadas de vídeo, jogos online, trabalho remoto e envio de arquivos.",Ajustar,Média,Clareza e objetividade,Upload = 0,Fixo condicionado,android/core/diagnostico/src/main/kotlin/io/signallq/app/core/diagnostico/InternetDiagnosticEngine.kt
75,Resultado pós-teste,Motor geral,Recomendação,"Verifique se ha algum bloqueio no roteador, QoS mal configurado, ou instabilidade no link. Reinicie o roteador. Se persistir, contate o provedor.","Verifique se há algum bloqueio no roteador, prioridade de tráfego mal configurado, ou instabilidade no link. Reinicie o roteador. Se persistir, contate a operadora.",Ajustar,Alta,Simplificar termo técnico; Encurtar,Upload = 0,Fixo condicionado,android/core/diagnostico/src/main/kotlin/io/signallq/app/core/diagnostico/InternetDiagnosticEngine.kt
76,Resultado pós-teste,Motor geral,Título,Upload Baixo,A velocidade de envio está baixa,Ajustar,Média,Clareza e objetividade,0 < upload < 5 Mbps,Fixo condicionado,android/core/diagnostico/src/main/kotlin/io/signallq/app/core/diagnostico/InternetDiagnosticEngine.kt
77,Resultado pós-teste,Motor geral,Mensagem,O upload está baixo ({upload} Mbps). Videoconferências e envio de arquivos podem ser afetados.,O upload está baixo ({upload} Mbps). Videoconferências e envio de arquivos podem ser afetados.,Manter,Média,Preservar incerteza,0 < upload < 5 Mbps,Template variável,android/core/diagnostico/src/main/kotlin/io/signallq/app/core/diagnostico/InternetDiagnosticEngine.kt
78,Resultado pós-teste,Motor geral,Recomendação,Verifique se há uploads em andamento em outros dispositivos.,Verifique se há uploads em andamento em outros dispositivos.,Manter,Baixa,Clareza e objetividade,0 < upload < 5 Mbps,Fixo condicionado,android/core/diagnostico/src/main/kotlin/io/signallq/app/core/diagnostico/InternetDiagnosticEngine.kt
79,Resultado pós-teste,Motor geral,Título,Download Baixo,A velocidade está baixa,Ajustar,Média,Clareza e objetividade,Download < 25 Mbps,Fixo condicionado,android/core/diagnostico/src/main/kotlin/io/signallq/app/core/diagnostico/InternetDiagnosticEngine.kt
80,Resultado pós-teste,Motor geral,Mensagem,"O download está abaixo de 25 Mbps ({download} Mbps), mínimo recomendado para uso confortável.","O download está abaixo de 25 Mbps ({download} Mbps), o mínimo recomendado para uso confortável.",Ajustar,Média,Clareza e objetividade,Download < 25 Mbps,Template variável,android/core/diagnostico/src/main/kotlin/io/signallq/app/core/diagnostico/InternetDiagnosticEngine.kt
81,Resultado pós-teste,Motor geral,Recomendação,Verifique se o plano contratado entrega essa velocidade e se outros dispositivos estão consumindo a rede.,Verifique se o plano contratado entrega essa velocidade e se outros dispositivos estão consumindo a rede.,Manter,Baixa,Clareza e objetividade,Download < 25 Mbps,Fixo condicionado,android/core/diagnostico/src/main/kotlin/io/signallq/app/core/diagnostico/InternetDiagnosticEngine.kt
82,Resultado pós-teste,Motor geral,Título,Conexão Saudável,Sua conexão está boa,Ajustar,Média,Clareza e objetividade,Nenhum achado,Fixo condicionado,android/core/diagnostico/src/main/kotlin/io/signallq/app/core/diagnostico/InternetDiagnosticEngine.kt
83,Resultado pós-teste,Motor geral,Mensagem,Todos os indicadores de internet estão dentro dos parâmetros normais.,Sua conexão está funcionando bem.,Ajustar,Média,Clareza e objetividade,Nenhum achado,Fixo condicionado,android/core/diagnostico/src/main/kotlin/io/signallq/app/core/diagnostico/InternetDiagnosticEngine.kt
84,Resultado pós-teste,Motor geral,Sufixo de inconclusão,"{mensagem original} Porém, o sinal Wi-Fi fraco pode ser a causa real — o teste pode não refletir o link de internet.","{mensagem original} Porém, o sinal Wi-Fi fraco pode ser a causa real, então o teste pode não refletir o link de internet.",Ajustar,Média,Preservar incerteza,"Há achado, mas o Wi-Fi não é confiável para o teste",Template variável,android/core/diagnostico/src/main/kotlin/io/signallq/app/core/diagnostico/InternetDiagnosticEngine.kt
85,Resultado pós-teste,Motor geral,Recomendação,Aproxime-se do roteador e refaça o teste para um diagnóstico confiável.,"Aproxime-se do roteador e refaça o teste. Assim, consigo avaliar melhor.",Ajustar,Média,Clareza e objetividade,Wi-Fi não confiável,Fixo condicionado,android/core/diagnostico/src/main/kotlin/io/signallq/app/core/diagnostico/InternetDiagnosticEngine.kt
86,Diagnóstico guiado,Cabeçalho,Título,Diagnóstico guiado,Vamos descobrir o que está acontecendo,Ajustar,Média,Clareza e objetividade,Tela inicial,Fixo,android/app/src/main/kotlin/io/veloo/app/kotlin/ui/screen/DiagnosticoGuiadoScreen.kt
87,Diagnóstico guiado,Cabeçalho,Título,{título da situação escolhida},{título da situação escolhida},Manter,Baixa,Clareza e objetividade,Durante as perguntas,Template variável,android/app/src/main/kotlin/io/veloo/app/kotlin/ui/screen/DiagnosticoGuiadoScreen.kt
88,Diagnóstico guiado,Cabeçalho,Título,Resultado do diagnóstico,O que identifiquei,Ajustar,Média,Clareza e objetividade,Resultado,Fixo,android/app/src/main/kotlin/io/veloo/app/kotlin/ui/screen/DiagnosticoGuiadoScreen.kt
89,Diagnóstico guiado,Cabeçalho,Acessibilidade,Voltar,Voltar,Manter,Baixa,Clareza e objetividade,Sempre,Fixo,android/app/src/main/kotlin/io/veloo/app/kotlin/ui/screen/DiagnosticoGuiadoScreen.kt
90,Diagnóstico guiado,Entrada,Pergunta,Qual dessas situações mais parece com o que você está vivendo?,O que está acontecendo com sua internet?,Ajustar,Média,Preservar incerteza,Tela inicial,Fixo,android/app/src/main/kotlin/io/veloo/app/kotlin/ui/screen/DiagnosticoGuiadoScreen.kt
91,Diagnóstico guiado,Perguntas,CTA,Avançar,Continuar,Ajustar,Média,Clareza e objetividade,Primeira pergunta respondida,Fixo,android/app/src/main/kotlin/io/veloo/app/kotlin/ui/screen/DiagnosticoGuiadoScreen.kt
92,Diagnóstico guiado,Perguntas,CTA,Ver resultado,Ver o que identifiquei,Ajustar,Média,Clareza e objetividade,Última pergunta respondida,Fixo,android/app/src/main/kotlin/io/veloo/app/kotlin/ui/screen/DiagnosticoGuiadoScreen.kt
93,Diagnóstico guiado,Seleção de situação,Título da situação,Internet cai ou oscila,A internet cai ou fica instável,Ajustar,Média,Clareza e objetividade,Tela inicial,Fixo,android/core/diagnostico/src/main/kotlin/io/signallq/app/core/diagnostico/ObjetivoDiagnostico.kt
94,Diagnóstico guiado,Seleção de situação,Descrição da situação,A conexão para de funcionar ou fica instável por alguns segundos,A conexão para de funcionar ou oscila por alguns segundos.,Ajustar,Média,Clareza e objetividade,Tela inicial,Fixo,android/core/diagnostico/src/main/kotlin/io/signallq/app/core/diagnostico/ObjetivoDiagnostico.kt
95,Diagnóstico guiado,Seleção de situação,Título da situação,Vídeos travam ou dão buffer,Vídeos travam ou ficam carregando,Ajustar,Média,Clareza e objetividade,Tela inicial,Fixo,android/core/diagnostico/src/main/kotlin/io/signallq/app/core/diagnostico/ObjetivoDiagnostico.kt
96,Diagnóstico guiado,Seleção de situação,Descrição da situação,"Streaming trava, fica ""carregando"" ou perde qualidade sozinho","Os vídeos travam, ficam carregando ou perdem qualidade.",Ajustar,Média,Clareza e objetividade,Tela inicial,Fixo,android/core/diagnostico/src/main/kotlin/io/signallq/app/core/diagnostico/ObjetivoDiagnostico.kt
97,Diagnóstico guiado,Seleção de situação,Título da situação,Jogos com lag ou ping alto,Jogos atrasam ou travam,Ajustar,Média,Clareza e objetividade,Tela inicial,Fixo,android/core/diagnostico/src/main/kotlin/io/signallq/app/core/diagnostico/ObjetivoDiagnostico.kt
98,Diagnóstico guiado,Seleção de situação,Descrição da situação,"Atraso, travadas ou desconexões durante partidas online","Há atrasos, travadas ou quedas durante as partidas.",Ajustar,Média,Clareza e objetividade,Tela inicial,Fixo,android/core/diagnostico/src/main/kotlin/io/signallq/app/core/diagnostico/ObjetivoDiagnostico.kt
99,Diagnóstico guiado,Seleção de situação,Título da situação,Chamadas de vídeo congelam,Chamadas de vídeo travam,Ajustar,Média,Clareza e objetividade,Tela inicial,Fixo,android/core/diagnostico/src/main/kotlin/io/signallq/app/core/diagnostico/ObjetivoDiagnostico.kt
100,Diagnóstico guiado,Seleção de situação,Descrição da situação,"Imagem trava, áudio corta ou a chamada cai","A imagem trava, o áudio corta ou a chamada cai.",Ajustar,Média,Clareza e objetividade,Tela inicial,Fixo,android/core/diagnostico/src/main/kotlin/io/signallq/app/core/diagnostico/ObjetivoDiagnostico.kt
101,Diagnóstico guiado,Seleção de situação,Título da situação,Sites demoram para carregar,Sites demoram para abrir,Ajustar,Média,Clareza e objetividade,Tela inicial,Fixo,android/core/diagnostico/src/main/kotlin/io/signallq/app/core/diagnostico/ObjetivoDiagnostico.kt
102,Diagnóstico guiado,Seleção de situação,Descrição da situação,"Páginas demoram, ficam ""girando"" ou falham ao abrir",As páginas demoram ou não conseguem abrir.,Ajustar,Média,Clareza e objetividade,Tela inicial,Fixo,android/core/diagnostico/src/main/kotlin/io/signallq/app/core/diagnostico/ObjetivoDiagnostico.kt
103,Diagnóstico guiado,Seleção de situação,Título da situação,Velocidade não chega no contratado,A velocidade está abaixo do plano,Ajustar,Média,Clareza e objetividade,Tela inicial,Fixo,android/core/diagnostico/src/main/kotlin/io/signallq/app/core/diagnostico/ObjetivoDiagnostico.kt
104,Diagnóstico guiado,Seleção de situação,Descrição da situação,O teste mostra menos do que você paga pela sua operadora,O teste mostra uma velocidade menor que a do seu plano.,Ajustar,Média,Clareza e objetividade,Tela inicial,Fixo,android/core/diagnostico/src/main/kotlin/io/signallq/app/core/diagnostico/ObjetivoDiagnostico.kt
105,Diagnóstico guiado,Seleção de situação,Título da situação,Não sei se é o Wi-Fi ou a operadora,Não sei onde está o problema,Ajustar,Média,Clareza e objetividade,Tela inicial,Fixo,android/core/diagnostico/src/main/kotlin/io/signallq/app/core/diagnostico/ObjetivoDiagnostico.kt
106,Diagnóstico guiado,Seleção de situação,Descrição da situação,Quer descobrir se o problema é do roteador ou da internet contratada,Vamos verificar se o problema está no Wi-Fi ou na operadora.,Ajustar,Média,Clareza e objetividade,Tela inicial,Fixo,android/core/diagnostico/src/main/kotlin/io/signallq/app/core/diagnostico/ObjetivoDiagnostico.kt
107,Diagnóstico guiado,Perguntas · Internet cai ou oscila,Pergunta,Quando isso costuma acontecer?,Quando isso costuma acontecer?,Manter,Baixa,Clareza e objetividade,Roteiro da situação,Fixo,android/core/diagnostico/src/main/kotlin/io/signallq/app/core/diagnostico/ObjetivoDiagnostico.kt
108,Diagnóstico guiado,Perguntas · Internet cai ou oscila,Opção,A qualquer momento,A qualquer momento,Manter,Baixa,Clareza e objetividade,Pergunta correspondente,Fixo,android/core/diagnostico/src/main/kotlin/io/signallq/app/core/diagnostico/ObjetivoDiagnostico.kt
109,Diagnóstico guiado,Perguntas · Internet cai ou oscila,Opção,Em horários de pico,Em horários de pico,Manter,Baixa,Clareza e objetividade,Pergunta correspondente,Fixo,android/core/diagnostico/src/main/kotlin/io/signallq/app/core/diagnostico/ObjetivoDiagnostico.kt
110,Diagnóstico guiado,Perguntas · Internet cai ou oscila,Opção,"Só durante uso pesado (jogos, streaming)",Quando várias pessoas ou aplicativos usam a internet,Ajustar,Média,Clareza e objetividade,Pergunta correspondente,Fixo,android/core/diagnostico/src/main/kotlin/io/signallq/app/core/diagnostico/ObjetivoDiagnostico.kt
111,Diagnóstico guiado,Perguntas · Internet cai ou oscila,Opção,Só em alguns cômodos da casa,Só em alguns cômodos da casa,Manter,Baixa,Clareza e objetividade,Pergunta correspondente,Fixo,android/core/diagnostico/src/main/kotlin/io/signallq/app/core/diagnostico/ObjetivoDiagnostico.kt
112,Diagnóstico guiado,Perguntas · Internet cai ou oscila,Pergunta,O que você percebe quando acontece?,O que você percebe quando acontece?,Manter,Baixa,Clareza e objetividade,Roteiro da situação,Fixo,android/core/diagnostico/src/main/kotlin/io/signallq/app/core/diagnostico/ObjetivoDiagnostico.kt
113,Diagnóstico guiado,Perguntas · Internet cai ou oscila,Opção,O Wi-Fi some da lista de redes,A rede Wi-Fi desaparece,Ajustar,Média,Clareza e objetividade,Pergunta correspondente,Fixo,android/core/diagnostico/src/main/kotlin/io/signallq/app/core/diagnostico/ObjetivoDiagnostico.kt
114,Diagnóstico guiado,Perguntas · Internet cai ou oscila,Opção,Continua conectado mas trava,"Continua conectado, mas a internet para",Ajustar,Média,Clareza e objetividade,Pergunta correspondente,Fixo,android/core/diagnostico/src/main/kotlin/io/signallq/app/core/diagnostico/ObjetivoDiagnostico.kt
115,Diagnóstico guiado,Perguntas · Internet cai ou oscila,Opção,Desconecta e reconecta sozinho,Desconecta e reconecta sozinho,Manter,Baixa,Clareza e objetividade,Pergunta correspondente,Fixo,android/core/diagnostico/src/main/kotlin/io/signallq/app/core/diagnostico/ObjetivoDiagnostico.kt
116,Diagnóstico guiado,Perguntas · Internet cai ou oscila,Opção,Não sei dizer,Não sei dizer,Manter,Baixa,Clareza e objetividade,Pergunta correspondente,Fixo,android/core/diagnostico/src/main/kotlin/io/signallq/app/core/diagnostico/ObjetivoDiagnostico.kt
117,Diagnóstico guiado,Perguntas · Vídeos travam ou dão buffer,Pergunta,O que acontece quando o vídeo trava?,O que acontece quando o vídeo trava?,Manter,Baixa,Clareza e objetividade,Roteiro da situação,Fixo,android/core/diagnostico/src/main/kotlin/io/signallq/app/core/diagnostico/ObjetivoDiagnostico.kt
118,Diagnóstico guiado,Perguntas · Vídeos travam ou dão buffer,Opção,"Fica ""carregando"" (buffer)",Fica carregando,Ajustar,Média,Clareza e objetividade,Pergunta correspondente,Fixo,android/core/diagnostico/src/main/kotlin/io/signallq/app/core/diagnostico/ObjetivoDiagnostico.kt
119,Diagnóstico guiado,Perguntas · Vídeos travam ou dão buffer,Opção,Cai a qualidade sozinho,Cai a qualidade sozinho,Manter,Baixa,Clareza e objetividade,Pergunta correspondente,Fixo,android/core/diagnostico/src/main/kotlin/io/signallq/app/core/diagnostico/ObjetivoDiagnostico.kt
120,Diagnóstico guiado,Perguntas · Vídeos travam ou dão buffer,Opção,Trava e o app fecha,O vídeo trava e o aplicativo fecha,Ajustar,Média,Clareza e objetividade,Pergunta correspondente,Fixo,android/core/diagnostico/src/main/kotlin/io/signallq/app/core/diagnostico/ObjetivoDiagnostico.kt
121,Diagnóstico guiado,Perguntas · Vídeos travam ou dão buffer,Opção,Só em determinado app,Só em determinado aplicativo,Ajustar,Média,Clareza e objetividade,Pergunta correspondente,Fixo,android/core/diagnostico/src/main/kotlin/io/signallq/app/core/diagnostico/ObjetivoDiagnostico.kt
122,Diagnóstico guiado,Perguntas · Vídeos travam ou dão buffer,Pergunta,Isso acontece em qual conexão?,Isso acontece em qual conexão?,Manter,Baixa,Clareza e objetividade,Roteiro da situação,Fixo,android/core/diagnostico/src/main/kotlin/io/signallq/app/core/diagnostico/ObjetivoDiagnostico.kt
123,Diagnóstico guiado,Perguntas · Vídeos travam ou dão buffer,Opção,Wi-Fi,Wi-Fi,Manter,Baixa,Clareza e objetividade,Pergunta correspondente,Fixo,android/core/diagnostico/src/main/kotlin/io/signallq/app/core/diagnostico/ObjetivoDiagnostico.kt
124,Diagnóstico guiado,Perguntas · Vídeos travam ou dão buffer,Opção,Dados móveis,Dados móveis,Manter,Baixa,Clareza e objetividade,Pergunta correspondente,Fixo,android/core/diagnostico/src/main/kotlin/io/signallq/app/core/diagnostico/ObjetivoDiagnostico.kt
125,Diagnóstico guiado,Perguntas · Vídeos travam ou dão buffer,Opção,Nas duas,Nas duas,Manter,Baixa,Clareza e objetividade,Pergunta correspondente,Fixo,android/core/diagnostico/src/main/kotlin/io/signallq/app/core/diagnostico/ObjetivoDiagnostico.kt
126,Diagnóstico guiado,Perguntas · Vídeos travam ou dão buffer,Opção,Só percebi agora,Ainda não consegui comparar,Ajustar,Média,Clareza e objetividade,Pergunta correspondente,Fixo,android/core/diagnostico/src/main/kotlin/io/signallq/app/core/diagnostico/ObjetivoDiagnostico.kt
127,Diagnóstico guiado,Perguntas · Jogos com lag ou ping alto,Pergunta,Em qual conexão você joga?,Em qual conexão você joga?,Manter,Baixa,Clareza e objetividade,Roteiro da situação,Fixo,android/core/diagnostico/src/main/kotlin/io/signallq/app/core/diagnostico/ObjetivoDiagnostico.kt
128,Diagnóstico guiado,Perguntas · Jogos com lag ou ping alto,Opção,Wi-Fi,Wi-Fi,Manter,Baixa,Clareza e objetividade,Pergunta correspondente,Fixo,android/core/diagnostico/src/main/kotlin/io/signallq/app/core/diagnostico/ObjetivoDiagnostico.kt
129,Diagnóstico guiado,Perguntas · Jogos com lag ou ping alto,Opção,Cabo de rede,Cabo de rede,Manter,Baixa,Clareza e objetividade,Pergunta correspondente,Fixo,android/core/diagnostico/src/main/kotlin/io/signallq/app/core/diagnostico/ObjetivoDiagnostico.kt
130,Diagnóstico guiado,Perguntas · Jogos com lag ou ping alto,Opção,Dados móveis,Dados móveis,Manter,Baixa,Clareza e objetividade,Pergunta correspondente,Fixo,android/core/diagnostico/src/main/kotlin/io/signallq/app/core/diagnostico/ObjetivoDiagnostico.kt
131,Diagnóstico guiado,Perguntas · Jogos com lag ou ping alto,Pergunta,Com que frequência isso acontece?,Com que frequência isso acontece?,Manter,Baixa,Clareza e objetividade,Roteiro da situação,Fixo,android/core/diagnostico/src/main/kotlin/io/signallq/app/core/diagnostico/ObjetivoDiagnostico.kt
132,Diagnóstico guiado,Perguntas · Jogos com lag ou ping alto,Opção,"Direto, quase sempre",Quase sempre,Ajustar,Média,Clareza e objetividade,Pergunta correspondente,Fixo,android/core/diagnostico/src/main/kotlin/io/signallq/app/core/diagnostico/ObjetivoDiagnostico.kt
133,Diagnóstico guiado,Perguntas · Jogos com lag ou ping alto,Opção,Só em horário de pico,Só em horário de pico,Manter,Baixa,Clareza e objetividade,Pergunta correspondente,Fixo,android/core/diagnostico/src/main/kotlin/io/signallq/app/core/diagnostico/ObjetivoDiagnostico.kt
134,Diagnóstico guiado,Perguntas · Jogos com lag ou ping alto,Opção,"De vez em quando, sem padrão","De vez em quando, sem padrão",Manter,Baixa,Clareza e objetividade,Pergunta correspondente,Fixo,android/core/diagnostico/src/main/kotlin/io/signallq/app/core/diagnostico/ObjetivoDiagnostico.kt
135,Diagnóstico guiado,Perguntas · Chamadas de vídeo congelam,Pergunta,O que costuma acontecer na chamada?,O que costuma acontecer na chamada?,Manter,Baixa,Clareza e objetividade,Roteiro da situação,Fixo,android/core/diagnostico/src/main/kotlin/io/signallq/app/core/diagnostico/ObjetivoDiagnostico.kt
136,Diagnóstico guiado,Perguntas · Chamadas de vídeo congelam,Opção,"Imagem congela, áudio segue","A imagem trava, mas o áudio continua",Ajustar,Média,Clareza e objetividade,Pergunta correspondente,Fixo,android/core/diagnostico/src/main/kotlin/io/signallq/app/core/diagnostico/ObjetivoDiagnostico.kt
137,Diagnóstico guiado,Perguntas · Chamadas de vídeo congelam,Opção,Áudio corta ou fica robótico,O áudio corta ou fica distorcido,Ajustar,Média,Clareza e objetividade,Pergunta correspondente,Fixo,android/core/diagnostico/src/main/kotlin/io/signallq/app/core/diagnostico/ObjetivoDiagnostico.kt
138,Diagnóstico guiado,Perguntas · Chamadas de vídeo congelam,Opção,A chamada cai e reconecta,A chamada cai e reconecta,Manter,Baixa,Clareza e objetividade,Pergunta correspondente,Fixo,android/core/diagnostico/src/main/kotlin/io/signallq/app/core/diagnostico/ObjetivoDiagnostico.kt
139,Diagnóstico guiado,Perguntas · Chamadas de vídeo congelam,Opção,Os dois travam juntos,A imagem e o áudio travam,Ajustar,Média,Clareza e objetividade,Pergunta correspondente,Fixo,android/core/diagnostico/src/main/kotlin/io/signallq/app/core/diagnostico/ObjetivoDiagnostico.kt
140,Diagnóstico guiado,Perguntas · Chamadas de vídeo congelam,Pergunta,Piora se outra pessoa em casa também estiver usando a internet?,Piora se outra pessoa em casa também estiver usando a internet?,Manter,Baixa,Clareza e objetividade,Roteiro da situação,Fixo,android/core/diagnostico/src/main/kotlin/io/signallq/app/core/diagnostico/ObjetivoDiagnostico.kt
141,Diagnóstico guiado,Perguntas · Chamadas de vídeo congelam,Opção,"Sim, bastante","Sim, bastante",Manter,Baixa,Clareza e objetividade,Pergunta correspondente,Fixo,android/core/diagnostico/src/main/kotlin/io/signallq/app/core/diagnostico/ObjetivoDiagnostico.kt
142,Diagnóstico guiado,Perguntas · Chamadas de vídeo congelam,Opção,Um pouco,Um pouco,Manter,Baixa,Clareza e objetividade,Pergunta correspondente,Fixo,android/core/diagnostico/src/main/kotlin/io/signallq/app/core/diagnostico/ObjetivoDiagnostico.kt
143,Diagnóstico guiado,Perguntas · Chamadas de vídeo congelam,Opção,Não muda,Não muda,Manter,Baixa,Clareza e objetividade,Pergunta correspondente,Fixo,android/core/diagnostico/src/main/kotlin/io/signallq/app/core/diagnostico/ObjetivoDiagnostico.kt
144,Diagnóstico guiado,Perguntas · Chamadas de vídeo congelam,Opção,Não testei,Ainda não testei,Ajustar,Média,Clareza e objetividade,Pergunta correspondente,Fixo,android/core/diagnostico/src/main/kotlin/io/signallq/app/core/diagnostico/ObjetivoDiagnostico.kt
145,Diagnóstico guiado,Perguntas · Sites demoram para carregar,Pergunta,Isso acontece com...,Isso acontece em quais sites?,Ajustar,Média,Clareza e objetividade,Roteiro da situação,Fixo,android/core/diagnostico/src/main/kotlin/io/signallq/app/core/diagnostico/ObjetivoDiagnostico.kt
146,Diagnóstico guiado,Perguntas · Sites demoram para carregar,Opção,Qualquer site,Qualquer site,Manter,Baixa,Clareza e objetividade,Pergunta correspondente,Fixo,android/core/diagnostico/src/main/kotlin/io/signallq/app/core/diagnostico/ObjetivoDiagnostico.kt
147,Diagnóstico guiado,Perguntas · Sites demoram para carregar,Opção,Só sites específicos,Só sites específicos,Manter,Baixa,Clareza e objetividade,Pergunta correspondente,Fixo,android/core/diagnostico/src/main/kotlin/io/signallq/app/core/diagnostico/ObjetivoDiagnostico.kt
148,Diagnóstico guiado,Perguntas · Sites demoram para carregar,Opção,Só a primeira página (depois melhora),Só na primeira página. Depois melhora.,Ajustar,Média,Clareza e objetividade,Pergunta correspondente,Fixo,android/core/diagnostico/src/main/kotlin/io/signallq/app/core/diagnostico/ObjetivoDiagnostico.kt
149,Diagnóstico guiado,Perguntas · Sites demoram para carregar,Pergunta,O problema é mais forte em qual conexão?,O problema é mais forte em qual conexão?,Manter,Baixa,Clareza e objetividade,Roteiro da situação,Fixo,android/core/diagnostico/src/main/kotlin/io/signallq/app/core/diagnostico/ObjetivoDiagnostico.kt
150,Diagnóstico guiado,Perguntas · Sites demoram para carregar,Opção,Wi-Fi,Wi-Fi,Manter,Baixa,Clareza e objetividade,Pergunta correspondente,Fixo,android/core/diagnostico/src/main/kotlin/io/signallq/app/core/diagnostico/ObjetivoDiagnostico.kt
151,Diagnóstico guiado,Perguntas · Sites demoram para carregar,Opção,Dados móveis,Dados móveis,Manter,Baixa,Clareza e objetividade,Pergunta correspondente,Fixo,android/core/diagnostico/src/main/kotlin/io/signallq/app/core/diagnostico/ObjetivoDiagnostico.kt
152,Diagnóstico guiado,Perguntas · Sites demoram para carregar,Opção,Nas duas igual,Nas duas igual,Manter,Baixa,Clareza e objetividade,Pergunta correspondente,Fixo,android/core/diagnostico/src/main/kotlin/io/signallq/app/core/diagnostico/ObjetivoDiagnostico.kt
153,Diagnóstico guiado,Perguntas · Velocidade não chega no contratado,Pergunta,Você já comparou com outro teste?,Você já comparou com outro teste?,Manter,Baixa,Clareza e objetividade,Roteiro da situação,Fixo,android/core/diagnostico/src/main/kotlin/io/signallq/app/core/diagnostico/ObjetivoDiagnostico.kt
154,Diagnóstico guiado,Perguntas · Velocidade não chega no contratado,Opção,Só testei pelo SignallQ,Testei apenas no SignallQ,Ajustar,Média,Clareza e objetividade,Pergunta correspondente,Fixo,android/core/diagnostico/src/main/kotlin/io/signallq/app/core/diagnostico/ObjetivoDiagnostico.kt
155,Diagnóstico guiado,Perguntas · Velocidade não chega no contratado,Opção,Comparei com outro app ou site,Comparei com outro aplicativo ou site,Ajustar,Média,Clareza e objetividade,Pergunta correspondente,Fixo,android/core/diagnostico/src/main/kotlin/io/signallq/app/core/diagnostico/ObjetivoDiagnostico.kt
156,Diagnóstico guiado,Perguntas · Velocidade não chega no contratado,Pergunta,Este teste foi feito...,Como você fez este teste?,Ajustar,Média,Clareza e objetividade,Roteiro da situação,Fixo,android/core/diagnostico/src/main/kotlin/io/signallq/app/core/diagnostico/ObjetivoDiagnostico.kt
157,Diagnóstico guiado,Perguntas · Velocidade não chega no contratado,Opção,"Perto do roteador, por cabo",Com um cabo de rede,Ajustar,Média,Clareza e objetividade,Pergunta correspondente,Fixo,android/core/diagnostico/src/main/kotlin/io/signallq/app/core/diagnostico/ObjetivoDiagnostico.kt
158,Diagnóstico guiado,Perguntas · Velocidade não chega no contratado,Opção,"Perto do roteador, por Wi-Fi","Perto do roteador, pelo Wi-Fi",Ajustar,Média,Clareza e objetividade,Pergunta correspondente,Fixo,android/core/diagnostico/src/main/kotlin/io/signallq/app/core/diagnostico/ObjetivoDiagnostico.kt
159,Diagnóstico guiado,Perguntas · Velocidade não chega no contratado,Opção,"Longe do roteador, por Wi-Fi","Longe do roteador, pelo Wi-Fi",Ajustar,Média,Clareza e objetividade,Pergunta correspondente,Fixo,android/core/diagnostico/src/main/kotlin/io/signallq/app/core/diagnostico/ObjetivoDiagnostico.kt
160,Diagnóstico guiado,Perguntas · Não sei se é o Wi-Fi ou a operadora,Pergunta,O problema muda se você desligar o Wi-Fi e usar dados móveis?,A internet melhora quando você desliga o Wi-Fi e usa a rede móvel?,Ajustar,Média,Clareza e objetividade,Roteiro da situação,Fixo,android/core/diagnostico/src/main/kotlin/io/signallq/app/core/diagnostico/ObjetivoDiagnostico.kt
161,Diagnóstico guiado,Perguntas · Não sei se é o Wi-Fi ou a operadora,Opção,"Sim, melhora muito","Sim, melhora muito",Manter,Baixa,Clareza e objetividade,Pergunta correspondente,Fixo,android/core/diagnostico/src/main/kotlin/io/signallq/app/core/diagnostico/ObjetivoDiagnostico.kt
162,Diagnóstico guiado,Perguntas · Não sei se é o Wi-Fi ou a operadora,Opção,"Sim, um pouco","Sim, um pouco",Manter,Baixa,Clareza e objetividade,Pergunta correspondente,Fixo,android/core/diagnostico/src/main/kotlin/io/signallq/app/core/diagnostico/ObjetivoDiagnostico.kt
163,Diagnóstico guiado,Perguntas · Não sei se é o Wi-Fi ou a operadora,Opção,Não muda nada,Não muda nada,Manter,Baixa,Clareza e objetividade,Pergunta correspondente,Fixo,android/core/diagnostico/src/main/kotlin/io/signallq/app/core/diagnostico/ObjetivoDiagnostico.kt
164,Diagnóstico guiado,Perguntas · Não sei se é o Wi-Fi ou a operadora,Opção,Ainda não testei,Ainda não testei,Manter,Baixa,Clareza e objetividade,Pergunta correspondente,Fixo,android/core/diagnostico/src/main/kotlin/io/signallq/app/core/diagnostico/ObjetivoDiagnostico.kt
165,Diagnóstico guiado,Perguntas · Não sei se é o Wi-Fi ou a operadora,Pergunta,Outros dispositivos em casa têm o mesmo problema?,Outros aparelhos também apresentam esse problema?,Ajustar,Média,Clareza e objetividade,Roteiro da situação,Fixo,android/core/diagnostico/src/main/kotlin/io/signallq/app/core/diagnostico/ObjetivoDiagnostico.kt
166,Diagnóstico guiado,Perguntas · Não sei se é o Wi-Fi ou a operadora,Opção,"Sim, todos","Sim, todos",Manter,Baixa,Clareza e objetividade,Pergunta correspondente,Fixo,android/core/diagnostico/src/main/kotlin/io/signallq/app/core/diagnostico/ObjetivoDiagnostico.kt
167,Diagnóstico guiado,Perguntas · Não sei se é o Wi-Fi ou a operadora,Opção,Só alguns,Só alguns,Manter,Baixa,Clareza e objetividade,Pergunta correspondente,Fixo,android/core/diagnostico/src/main/kotlin/io/signallq/app/core/diagnostico/ObjetivoDiagnostico.kt
168,Diagnóstico guiado,Perguntas · Não sei se é o Wi-Fi ou a operadora,Opção,"Não, só este aparelho","Não, só este aparelho",Manter,Baixa,Clareza e objetividade,Pergunta correspondente,Fixo,android/core/diagnostico/src/main/kotlin/io/signallq/app/core/diagnostico/ObjetivoDiagnostico.kt
169,Diagnóstico guiado,Resultado,Seção,Como chegamos a esse resultado,Como identifiquei isso,Ajustar,Média,Clareza e objetividade,Sempre,Fixo,android/app/src/main/kotlin/io/veloo/app/kotlin/ui/component/DiagnosticoResultadoComponents.kt
170,Diagnóstico guiado,Resultado,Rótulo,MEDIDO PELO MOTOR SIGNALLQ,DADOS MEDIDOS PELO SIGNALLQ,Ajustar,Média,Clareza e objetividade,Sempre,Fixo,android/app/src/main/kotlin/io/veloo/app/kotlin/ui/component/DiagnosticoResultadoComponents.kt
171,Diagnóstico guiado,Resultado,Fallback,Sem métricas suficientes deste teste para esta situação.,Este teste não trouxe dados suficientes para avaliar essa situação.,Ajustar,Média,Clareza e objetividade,Sem evidências,Fixo condicionado,android/app/src/main/kotlin/io/veloo/app/kotlin/ui/component/DiagnosticoResultadoComponents.kt
172,Diagnóstico guiado,Resultado,Rótulo,EXPLICADO POR IA,EXPLICAÇÃO DO RESULTADO,Ajustar,Média,Clareza e objetividade,Sempre,Fixo,android/app/src/main/kotlin/io/veloo/app/kotlin/ui/component/DiagnosticoResultadoComponents.kt
173,Diagnóstico guiado,Resultado,Loading,Preparando a explicação…,Preparando uma explicação simples…,Ajustar,Média,Clareza e objetividade,IA inativa ou analisando,Fixo condicionado,android/app/src/main/kotlin/io/veloo/app/kotlin/ui/component/DiagnosticoResultadoComponents.kt
174,Diagnóstico guiado,Resultado,Texto dinâmico,{resumo ou texto da explicação gerada pela IA/fallback local},{resumo ou texto da explicação gerada pela IA/fallback local},Definir regra,Alta,"Aplicar estas mesmas regras no prompt, fallback ou conteúdo externo",IA concluída,Dinâmico IA,android/app/src/main/kotlin/io/veloo/app/kotlin/ui/component/DiagnosticoResultadoComponents.kt
175,Diagnóstico guiado,Resultado,Erro,Não foi possível carregar a explicação da IA — o resultado acima já reflete o motor local.,Não consegui carregar a explicação. O resultado acima continua válido.,Ajustar,Média,Preservar incerteza,Falha da IA,Fixo condicionado,android/app/src/main/kotlin/io/veloo/app/kotlin/ui/component/DiagnosticoResultadoComponents.kt
176,Diagnóstico guiado,Resultado,Nota de transparência,"A IA só explica o resultado — quem decide o status é sempre o motor de diagnóstico local, com base nos números medidos acima.",A explicação ajuda a entender o resultado. A avaliação é feita com os dados medidos no seu aparelho.,Ajustar,Média,Clareza e objetividade,Sempre,Fixo,android/app/src/main/kotlin/io/veloo/app/kotlin/ui/component/DiagnosticoResultadoComponents.kt
177,Diagnóstico guiado,Resultado,Seção,Ações recomendadas,O que fazer agora,Ajustar,Média,Clareza e objetividade,Quando há ações,Fixo condicionado,android/app/src/main/kotlin/io/veloo/app/kotlin/ui/component/DiagnosticoResultadoComponents.kt
178,Diagnóstico guiado,Resultado · Evidências,Rótulo/valor,Perda estimada: {valor}%,Falhas estimadas na conexão: {valor}%,Ajustar,Média,Preservar incerteza,Conforme situação e dados disponíveis,Template variável,android/core/diagnostico/src/main/kotlin/io/signallq/app/core/diagnostico/DiagnosticoGuiadoEngine.kt
179,Diagnóstico guiado,Resultado · Evidências,Rótulo/valor,Oscilação (jitter): {valor} ms,Variação da conexão: {valor} ms,Ajustar,Alta,Simplificar termo técnico,Conforme situação e dados disponíveis,Template variável,android/core/diagnostico/src/main/kotlin/io/signallq/app/core/diagnostico/DiagnosticoGuiadoEngine.kt
180,Diagnóstico guiado,Resultado · Evidências,Rótulo/valor,Atraso sob carga: {valor} ms,Lentidão com a rede ocupada: {valor} ms,Ajustar,Média,Clareza e objetividade,Conforme situação e dados disponíveis,Template variável,android/core/diagnostico/src/main/kotlin/io/signallq/app/core/diagnostico/DiagnosticoGuiadoEngine.kt
181,Diagnóstico guiado,Resultado · Evidências,Rótulo/valor,Download: {valor} Mbps,Download: {valor} Mbps,Manter,Baixa,Clareza e objetividade,Conforme situação e dados disponíveis,Template variável,android/core/diagnostico/src/main/kotlin/io/signallq/app/core/diagnostico/DiagnosticoGuiadoEngine.kt
182,Diagnóstico guiado,Resultado · Evidências,Rótulo/valor,Latência sob carga: {valor} ms,Tempo de resposta com a rede ocupada: {valor} ms,Ajustar,Média,Simplificar termo técnico,Conforme situação e dados disponíveis,Template variável,android/core/diagnostico/src/main/kotlin/io/signallq/app/core/diagnostico/DiagnosticoGuiadoEngine.kt
183,Diagnóstico guiado,Resultado · Evidências,Rótulo/valor,Jitter: {valor} ms,Variação do tempo de resposta: {valor} ms,Ajustar,Alta,Simplificar termo técnico,Conforme situação e dados disponíveis,Template variável,android/core/diagnostico/src/main/kotlin/io/signallq/app/core/diagnostico/DiagnosticoGuiadoEngine.kt
184,Diagnóstico guiado,Resultado · Evidências,Rótulo/valor,Sinal Wi-Fi: {RSSI} dBm,Força do sinal Wi-Fi: {RSSI} dBm,Ajustar,Alta,Simplificar termo técnico,Conforme situação e dados disponíveis,Template variável,android/core/diagnostico/src/main/kotlin/io/signallq/app/core/diagnostico/DiagnosticoGuiadoEngine.kt
185,Diagnóstico guiado,Resultado · Evidências,Rótulo/valor,Upload: {valor} Mbps,Upload: {valor} Mbps,Manter,Baixa,Clareza e objetividade,Conforme situação e dados disponíveis,Template variável,android/core/diagnostico/src/main/kotlin/io/signallq/app/core/diagnostico/DiagnosticoGuiadoEngine.kt
186,Diagnóstico guiado,Resultado · Evidências,Rótulo/valor,Latência DNS: {valor} ms,Tempo para localizar sites: {valor} ms,Ajustar,Média,Simplificar termo técnico,Conforme situação e dados disponíveis,Template variável,android/core/diagnostico/src/main/kotlin/io/signallq/app/core/diagnostico/DiagnosticoGuiadoEngine.kt
187,Diagnóstico guiado,Resultado · Evidências,Rótulo/valor,Latência geral: {valor} ms,Tempo de resposta: {valor} ms,Ajustar,Média,Simplificar termo técnico,Conforme situação e dados disponíveis,Template variável,android/core/diagnostico/src/main/kotlin/io/signallq/app/core/diagnostico/DiagnosticoGuiadoEngine.kt
188,Diagnóstico guiado,Resultado · Evidências,Rótulo/valor,Download vs. contratado: {percentual}%,Velocidade recebida do plano: {percentual}%,Ajustar,Média,Clareza e objetividade,Conforme situação e dados disponíveis,Template variável,android/core/diagnostico/src/main/kotlin/io/signallq/app/core/diagnostico/DiagnosticoGuiadoEngine.kt
189,Diagnóstico guiado,Resultado · Evidências,Rótulo/valor,Sinal da operadora: {sinal} dBm,Força do sinal da operadora: {sinal} dBm,Ajustar,Média,Clareza e objetividade,Conforme situação e dados disponíveis,Template variável,android/core/diagnostico/src/main/kotlin/io/signallq/app/core/diagnostico/DiagnosticoGuiadoEngine.kt
190,Diagnóstico guiado,Resultado · Evidências,Rótulo/valor,Relato: melhora sem Wi-Fi: Melhora muito,Ao usar a rede móvel: melhora muito,Ajustar,Média,Clareza e objetividade,Conforme situação e dados disponíveis,Fixo condicionado,android/core/diagnostico/src/main/kotlin/io/signallq/app/core/diagnostico/DiagnosticoGuiadoEngine.kt
191,Diagnóstico guiado,Resultado · Evidências,Rótulo/valor,Relato: melhora sem Wi-Fi: Melhora um pouco,Ao usar a rede móvel: melhora um pouco,Ajustar,Média,Clareza e objetividade,Conforme situação e dados disponíveis,Fixo condicionado,android/core/diagnostico/src/main/kotlin/io/signallq/app/core/diagnostico/DiagnosticoGuiadoEngine.kt
192,Diagnóstico guiado,Resultado · Evidências,Rótulo/valor,Relato: melhora sem Wi-Fi: Não muda,Ao usar a rede móvel: não muda,Ajustar,Média,Clareza e objetividade,Conforme situação e dados disponíveis,Fixo condicionado,android/core/diagnostico/src/main/kotlin/io/signallq/app/core/diagnostico/DiagnosticoGuiadoEngine.kt
193,Diagnóstico guiado,Resultado · Evidências,Rótulo/valor,Relato: melhora sem Wi-Fi: Não testado,Comparação com a rede móvel: não feita,Ajustar,Média,Clareza e objetividade,Conforme situação e dados disponíveis,Fixo condicionado,android/core/diagnostico/src/main/kotlin/io/signallq/app/core/diagnostico/DiagnosticoGuiadoEngine.kt
194,Diagnóstico guiado,Resultado · Internet cai ou oscila,Mensagem OK,Não encontramos perda de pacotes nem oscilação fora do esperado nos últimos testes.,Não encontramos falhas na conexão nem oscilação fora do esperado nos últimos testes.,Ajustar,Média,Clareza e objetividade,Status agregado = OK,Fixo condicionado,android/core/diagnostico/src/main/kotlin/io/signallq/app/core/diagnostico/DiagnosticoGuiadoEngine.kt
195,Diagnóstico guiado,Resultado · Internet cai ou oscila,Mensagem Atenção,Há sinais de instabilidade na sua rede — perda de pacotes ou oscilação um pouco acima do ideal.,Sinais de instabilidade na sua rede: falhas na conexão ou oscilação um pouco acima do ideal.,Ajustar,Média,Clareza e objetividade,Status agregado = Atenção,Fixo condicionado,android/core/diagnostico/src/main/kotlin/io/signallq/app/core/diagnostico/DiagnosticoGuiadoEngine.kt
196,Diagnóstico guiado,Resultado · Internet cai ou oscila,Mensagem Crítico,Sinal de instabilidade real na sua rede — perda de pacotes e oscilação acima do esperado para uma conexão estável.,Sinal de instabilidade real na sua rede: falhas na conexão e oscilação acima do esperado para uma conexão estável.,Ajustar,Média,Clareza e objetividade,Status agregado = Crítico,Fixo condicionado,android/core/diagnostico/src/main/kotlin/io/signallq/app/core/diagnostico/DiagnosticoGuiadoEngine.kt
197,Diagnóstico guiado,Resultado · Internet cai ou oscila,Ação recomendada,Reposicione o roteador longe de paredes e eletrônicos,Reposicione o roteador longe de paredes e eletrônicos,Manter,Baixa,Clareza e objetividade,Status diferente de OK e dados suficientes,Fixo condicionado,android/core/diagnostico/src/main/kotlin/io/signallq/app/core/diagnostico/DiagnosticoGuiadoEngine.kt
198,Diagnóstico guiado,Resultado · Internet cai ou oscila,Ação recomendada,Teste por cabo pra isolar se é Wi-Fi ou operadora,Teste por cabo para isolar se é Wi-Fi ou operadora,Ajustar,Média,Clareza e objetividade,Status diferente de OK e dados suficientes,Fixo condicionado,android/core/diagnostico/src/main/kotlin/io/signallq/app/core/diagnostico/DiagnosticoGuiadoEngine.kt
199,Diagnóstico guiado,Resultado · Vídeos travam ou dão buffer,Mensagem OK,Download e atraso sob carga dentro do esperado — a rede aguenta streaming em boa qualidade.,Download e atraso sob carga dentro do esperado. Sua rede aguenta streaming em boa qualidade.,Ajustar,Média,Clareza e objetividade,Status agregado = OK,Fixo condicionado,android/core/diagnostico/src/main/kotlin/io/signallq/app/core/diagnostico/DiagnosticoGuiadoEngine.kt
200,Diagnóstico guiado,Resultado · Vídeos travam ou dão buffer,Mensagem Atenção,O atraso sob carga ou o download ficaram no limite — streaming pode perder qualidade em horário de pico.,O atraso sob carga ou o download ficaram no limite. O streaming pode perder qualidade em horário de pico.,Ajustar,Média,Preservar incerteza,Status agregado = Atenção,Fixo condicionado,android/core/diagnostico/src/main/kotlin/io/signallq/app/core/diagnostico/DiagnosticoGuiadoEngine.kt
201,Diagnóstico guiado,Resultado · Vídeos travam ou dão buffer,Mensagem Crítico,"O download cai bastante sob carga, com atraso alto — isso costuma travar o vídeo ou derrubar a qualidade sozinho.","O download cai bastante sob carga, com atraso alto. Isso costuma travar o vídeo ou derrubar a qualidade sozinho.",Ajustar,Média,Clareza e objetividade,Status agregado = Crítico,Fixo condicionado,android/core/diagnostico/src/main/kotlin/io/signallq/app/core/diagnostico/DiagnosticoGuiadoEngine.kt
202,Diagnóstico guiado,Resultado · Vídeos travam ou dão buffer,Ação recomendada,Pause downloads em segundo plano durante o streaming,Pause downloads em segundo plano durante o streaming,Manter,Baixa,Clareza e objetividade,Status diferente de OK e dados suficientes,Fixo condicionado,android/core/diagnostico/src/main/kotlin/io/signallq/app/core/diagnostico/DiagnosticoGuiadoEngine.kt
203,Diagnóstico guiado,Resultado · Vídeos travam ou dão buffer,Ação recomendada,Teste novamente fora do horário de pico,Teste novamente fora do horário de pico,Manter,Baixa,Clareza e objetividade,Status diferente de OK e dados suficientes,Fixo condicionado,android/core/diagnostico/src/main/kotlin/io/signallq/app/core/diagnostico/DiagnosticoGuiadoEngine.kt
204,Diagnóstico guiado,Resultado · Jogos com lag ou ping alto,Mensagem OK,"Latência, jitter e perda dentro da faixa recomendada para jogos online.","Tempo de resposta, variação do tempo de resposta e falhas na conexão dentro da faixa recomendada para jogos online.",Ajustar,Alta,Simplificar termo técnico,Status agregado = OK,Fixo condicionado,android/core/diagnostico/src/main/kotlin/io/signallq/app/core/diagnostico/DiagnosticoGuiadoEngine.kt
205,Diagnóstico guiado,Resultado · Jogos com lag ou ping alto,Mensagem Atenção,Latência sob carga ou jitter no limite — pode haver atraso perceptível em momentos de disputa.,O tempo de resposta sob carga ou a variação do tempo de resposta estão no limite. Pode haver atraso perceptível em momentos de disputa.,Ajustar,Alta,Simplificar termo técnico; Preservar incerteza,Status agregado = Atenção,Fixo condicionado,android/core/diagnostico/src/main/kotlin/io/signallq/app/core/diagnostico/DiagnosticoGuiadoEngine.kt
206,Diagnóstico guiado,Resultado · Jogos com lag ou ping alto,Mensagem Crítico,Latência sob carga está prejudicando suas partidas — faixa crítica para jogos competitivos.,O tempo de resposta sob carga está prejudicando suas partidas. Faixa crítica para jogos competitivos.,Ajustar,Média,Simplificar termo técnico,Status agregado = Crítico,Fixo condicionado,android/core/diagnostico/src/main/kotlin/io/signallq/app/core/diagnostico/DiagnosticoGuiadoEngine.kt
207,Diagnóstico guiado,Resultado · Jogos com lag ou ping alto,Ação recomendada,Jogue com cabo de rede em vez de Wi-Fi,Jogue com cabo de rede em vez de Wi-Fi,Manter,Baixa,Clareza e objetividade,Status diferente de OK e dados suficientes,Fixo condicionado,android/core/diagnostico/src/main/kotlin/io/signallq/app/core/diagnostico/DiagnosticoGuiadoEngine.kt
208,Diagnóstico guiado,Resultado · Jogos com lag ou ping alto,Ação recomendada,"Ative priorização de jogos (QoS) no roteador, se disponível","Ative priorização de jogos (prioridade de tráfego) no roteador, se disponível",Ajustar,Alta,Simplificar termo técnico,Status diferente de OK e dados suficientes,Fixo condicionado,android/core/diagnostico/src/main/kotlin/io/signallq/app/core/diagnostico/DiagnosticoGuiadoEngine.kt
209,Diagnóstico guiado,Resultado · Chamadas de vídeo congelam,Mensagem OK,"Jitter, perda e upload dentro do esperado — a rede sustenta chamada de vídeo estável.","A variação do tempo de resposta, a perda e o upload estão dentro do esperado. A rede sustenta uma chamada de vídeo estável.",Ajustar,Alta,Simplificar termo técnico,Status agregado = OK,Fixo condicionado,android/core/diagnostico/src/main/kotlin/io/signallq/app/core/diagnostico/DiagnosticoGuiadoEngine.kt
210,Diagnóstico guiado,Resultado · Chamadas de vídeo congelam,Mensagem Atenção,Jitter ou upload no limite — chamadas podem sofrer quando a rede está mais ocupada.,A variação do tempo de resposta ou o upload estão no limite. As chamadas podem sofrer quando a rede está mais ocupada.,Ajustar,Alta,Simplificar termo técnico; Preservar incerteza,Status agregado = Atenção,Fixo condicionado,android/core/diagnostico/src/main/kotlin/io/signallq/app/core/diagnostico/DiagnosticoGuiadoEngine.kt
211,Diagnóstico guiado,Resultado · Chamadas de vídeo congelam,Mensagem Crítico,Jitter alto e/ou upload comprometido — isso costuma congelar a imagem ou cortar o áudio na chamada.,A variação do tempo de resposta está alta e/ou o upload está comprometido. Isso costuma congelar a imagem ou cortar o áudio na chamada.,Ajustar,Alta,Simplificar termo técnico,Status agregado = Crítico,Fixo condicionado,android/core/diagnostico/src/main/kotlin/io/signallq/app/core/diagnostico/DiagnosticoGuiadoEngine.kt
212,Diagnóstico guiado,Resultado · Chamadas de vídeo congelam,Ação recomendada,Peça pra outras pessoas em casa pausarem downloads durante a chamada,Peça para outras pessoas em casa pausarem downloads durante a chamada,Ajustar,Média,Clareza e objetividade,Status diferente de OK e dados suficientes,Fixo condicionado,android/core/diagnostico/src/main/kotlin/io/signallq/app/core/diagnostico/DiagnosticoGuiadoEngine.kt
213,Diagnóstico guiado,Resultado · Chamadas de vídeo congelam,Ação recomendada,Prefira cabo de rede pra chamadas importantes,Prefira cabo de rede para chamadas importantes,Ajustar,Média,Clareza e objetividade,Status diferente de OK e dados suficientes,Fixo condicionado,android/core/diagnostico/src/main/kotlin/io/signallq/app/core/diagnostico/DiagnosticoGuiadoEngine.kt
214,Diagnóstico guiado,Resultado · Sites demoram para carregar,Mensagem OK,Latência dentro do esperado — sites devem abrir sem demora perceptível.,O tempo de resposta está dentro do esperado. Os sites devem abrir sem demora perceptível.,Ajustar,Média,Simplificar termo técnico,Status agregado = OK,Fixo condicionado,android/core/diagnostico/src/main/kotlin/io/signallq/app/core/diagnostico/DiagnosticoGuiadoEngine.kt
215,Diagnóstico guiado,Resultado · Sites demoram para carregar,Mensagem Atenção,A resolução de nomes (DNS) ou a latência geral estão um pouco lentas.,A resolução de nomes (serviço que localiza sites) ou a tempo de resposta geral estão um pouco lentas.,Ajustar,Média,Simplificar termo técnico,Status agregado = Atenção,Fixo condicionado,android/core/diagnostico/src/main/kotlin/io/signallq/app/core/diagnostico/DiagnosticoGuiadoEngine.kt
216,Diagnóstico guiado,Resultado · Sites demoram para carregar,Mensagem Crítico,Latência de DNS ou latência geral alta — isso costuma atrasar o carregamento de sites.,O tempo de resposta do DNS ou o tempo de resposta geral estão altos. Isso costuma atrasar o carregamento de sites.,Ajustar,Média,Simplificar termo técnico,Status agregado = Crítico,Fixo condicionado,android/core/diagnostico/src/main/kotlin/io/signallq/app/core/diagnostico/DiagnosticoGuiadoEngine.kt
217,Diagnóstico guiado,Resultado · Sites demoram para carregar,Ação recomendada,Troque o DNS da rede para um provedor mais rápido nas configurações,Troque o DNS da rede nas configurações. Um DNS mais rápido pode acelerar a abertura de sites,Ajustar,Média,Simplificar termo técnico,Status diferente de OK e dados suficientes,Fixo condicionado,android/core/diagnostico/src/main/kotlin/io/signallq/app/core/diagnostico/DiagnosticoGuiadoEngine.kt
218,Diagnóstico guiado,Resultado · Sites demoram para carregar,Ação recomendada,Teste novamente em outro navegador pra descartar cache,Teste novamente em outro navegador para descartar cache,Ajustar,Média,Clareza e objetividade,Status diferente de OK e dados suficientes,Fixo condicionado,android/core/diagnostico/src/main/kotlin/io/signallq/app/core/diagnostico/DiagnosticoGuiadoEngine.kt
219,Diagnóstico guiado,Resultado · Sites demoram para carregar,Ação recomendada,Repita o teste com a métrica de DNS ativa pra isolar melhor a causa,Repita o teste com a medição de DNS ativa para isolar melhor a causa,Ajustar,Média,Simplificar termo técnico,Status diferente de OK e dados suficientes,Fixo condicionado,android/core/diagnostico/src/main/kotlin/io/signallq/app/core/diagnostico/DiagnosticoGuiadoEngine.kt
220,Diagnóstico guiado,Resultado · Velocidade não chega no contratado,Mensagem OK,O download medido está próximo ou acima do que você contratou.,O download medido está próximo ou acima do que você contratou.,Manter,Baixa,Clareza e objetividade,Status agregado = OK,Fixo condicionado,android/core/diagnostico/src/main/kotlin/io/signallq/app/core/diagnostico/DiagnosticoGuiadoEngine.kt
221,Diagnóstico guiado,Resultado · Velocidade não chega no contratado,Mensagem Atenção,O download ficou um pouco abaixo do esperado para o plano contratado.,O download ficou um pouco abaixo do esperado para o plano contratado.,Manter,Baixa,Clareza e objetividade,Status agregado = Atenção,Fixo condicionado,android/core/diagnostico/src/main/kotlin/io/signallq/app/core/diagnostico/DiagnosticoGuiadoEngine.kt
222,Diagnóstico guiado,Resultado · Velocidade não chega no contratado,Mensagem Crítico,Resultado bem abaixo do plano contratado.,Resultado bem abaixo do plano contratado.,Manter,Baixa,Clareza e objetividade,Status agregado = Crítico,Fixo condicionado,android/core/diagnostico/src/main/kotlin/io/signallq/app/core/diagnostico/DiagnosticoGuiadoEngine.kt
223,Diagnóstico guiado,Resultado · Velocidade não chega no contratado,Ação recomendada,Repita o teste conectado por cabo de rede,Repita o teste conectado por cabo de rede,Manter,Baixa,Clareza e objetividade,Status diferente de OK e dados suficientes,Fixo condicionado,android/core/diagnostico/src/main/kotlin/io/signallq/app/core/diagnostico/DiagnosticoGuiadoEngine.kt
224,Diagnóstico guiado,Resultado · Velocidade não chega no contratado,Ação recomendada,"Se o resultado persistir por cabo, contate a operadora com este resultado","Se o resultado persistir por cabo, contate a operadora com este resultado",Manter,Baixa,Clareza e objetividade,Status diferente de OK e dados suficientes,Fixo condicionado,android/core/diagnostico/src/main/kotlin/io/signallq/app/core/diagnostico/DiagnosticoGuiadoEngine.kt
225,Diagnóstico guiado,Resultado · Não sei se é o Wi-Fi ou a operadora,Mensagem OK,Sinal da conexão atual dentro do esperado — problema não parece estar entre roteador e dispositivos.,O sinal da conexão atual está dentro do esperado. O problema não parece estar entre o roteador e os dispositivos.,Ajustar,Média,Preservar incerteza,Status agregado = OK,Fixo condicionado,android/core/diagnostico/src/main/kotlin/io/signallq/app/core/diagnostico/DiagnosticoGuiadoEngine.kt
226,Diagnóstico guiado,Resultado · Não sei se é o Wi-Fi ou a operadora,Mensagem Atenção,Sinal um pouco abaixo do ideal — vale testar por cabo ou reposicionar o roteador antes de acionar a operadora.,O sinal está um pouco abaixo do ideal. Vale testar por cabo ou reposicionar o roteador antes de acionar a operadora.,Ajustar,Média,Clareza e objetividade,Status agregado = Atenção,Fixo condicionado,android/core/diagnostico/src/main/kotlin/io/signallq/app/core/diagnostico/DiagnosticoGuiadoEngine.kt
227,Diagnóstico guiado,Resultado · Não sei se é o Wi-Fi ou a operadora,Mensagem Crítico,"Problema parece estar entre roteador e dispositivos, não na internet contratada.","Problema parece estar entre roteador e dispositivos, não na internet contratada.",Manter,Baixa,Preservar incerteza,Status agregado = Crítico,Fixo condicionado,android/core/diagnostico/src/main/kotlin/io/signallq/app/core/diagnostico/DiagnosticoGuiadoEngine.kt
228,Diagnóstico guiado,Resultado · Não sei se é o Wi-Fi ou a operadora,Ação recomendada,Reposicione o roteador ou troque o canal Wi-Fi,Reposicione o roteador ou troque o canal Wi-Fi,Manter,Baixa,Clareza e objetividade,Status diferente de OK e dados suficientes,Fixo condicionado,android/core/diagnostico/src/main/kotlin/io/signallq/app/core/diagnostico/DiagnosticoGuiadoEngine.kt
229,Diagnóstico guiado,Resultado · Não sei se é o Wi-Fi ou a operadora,Ação recomendada,"Se o problema for só de um aparelho, teste esquecer e reconectar a rede nele","Se o problema for só de um aparelho, teste esquecer e reconectar a rede nele",Manter,Baixa,Clareza e objetividade,Status diferente de OK e dados suficientes,Fixo condicionado,android/core/diagnostico/src/main/kotlin/io/signallq/app/core/diagnostico/DiagnosticoGuiadoEngine.kt
230,Diagnóstico guiado,Resultado,Mensagem inconclusiva,Não há dados suficientes deste teste para avaliar esta situação. Refaça o teste de velocidade e tente novamente.,Não há dados suficientes deste teste para avaliar esta situação. Refaça o teste de velocidade e tente novamente.,Manter,Baixa,Clareza e objetividade,Nenhuma métrica relevante disponível,Fixo condicionado,android/core/diagnostico/src/main/kotlin/io/signallq/app/core/diagnostico/DiagnosticoGuiadoEngine.kt
231,Diagnóstico guiado,Validação,Aviso,Este resultado não é confiável o suficiente para um diagnóstico guiado. Refaça o teste de velocidade mantendo a mesma rede.,Este resultado não é confiável o suficiente para um diagnóstico guiado. Refaça o teste de velocidade mantendo a mesma rede.,Manter,Baixa,Clareza e objetividade,Resultado não confiável para conclusão,Fixo condicionado,android/app/src/main/kotlin/io/veloo/app/kotlin/ui/screen/DiagnosticoGuiadoScreen.kt
232,Diagnóstico guiado,Resultado,Seção,Próximo passo sugerido,Próximo passo,Ajustar,Média,Clareza e objetividade,Há ferramenta fortemente associada ao objetivo,Fixo condicionado,android/app/src/main/kotlin/io/veloo/app/kotlin/ui/screen/DiagnosticoGuiadoScreen.kt
233,Diagnóstico guiado,Resultado,Título,Testar servidores DNS,Verificar a abertura de sites,Ajustar,Média,Simplificar termo técnico,Objetivo Sites ou Velocidade,Fixo condicionado,android/app/src/main/kotlin/io/veloo/app/kotlin/ui/screen/DiagnosticoGuiadoScreen.kt
234,Diagnóstico guiado,Resultado,Descrição,Sites lentos ou velocidade abaixo do contratado podem melhorar trocando o servidor DNS.,Vamos verificar se o serviço que localiza os sites está deixando a navegação lenta.,Ajustar,Média,Simplificar termo técnico; Preservar incerteza,Objetivo Sites ou Velocidade,Fixo condicionado,android/app/src/main/kotlin/io/veloo/app/kotlin/ui/screen/DiagnosticoGuiadoScreen.kt
235,Diagnóstico guiado,Resultado,CTA,Testar DNS,Verificar abertura de sites,Ajustar,Média,Simplificar termo técnico,Objetivo Sites ou Velocidade,Fixo condicionado,android/app/src/main/kotlin/io/veloo/app/kotlin/ui/screen/DiagnosticoGuiadoScreen.kt
236,Diagnóstico guiado,Resultado,Título/CTA,Ativar monitoramento,Acompanhar a conexão,Ajustar,Média,Clareza e objetividade,Objetivo Internet cai ou oscila,Fixo condicionado,android/app/src/main/kotlin/io/veloo/app/kotlin/ui/screen/DiagnosticoGuiadoScreen.kt
237,Diagnóstico guiado,Resultado,Descrição,"Acompanhe quedas e oscilações em segundo plano, sem precisar abrir o app toda hora.",O SignallQ pode acompanhar quedas e oscilações automaticamente.,Ajustar,Média,Clareza e objetividade,Objetivo Internet cai ou oscila,Fixo condicionado,android/app/src/main/kotlin/io/veloo/app/kotlin/ui/screen/DiagnosticoGuiadoScreen.kt
238,Diagnóstico guiado,Resultado,Título/CTA,Ver sinal Wi-Fi,Ver a força do Wi-Fi,Ajustar,Média,Clareza e objetividade,Objetivo Wi-Fi vs. operadora,Fixo condicionado,android/app/src/main/kotlin/io/veloo/app/kotlin/ui/screen/DiagnosticoGuiadoScreen.kt
239,Diagnóstico guiado,Resultado,Descrição,"Veja RSSI, banda e padrão Wi-Fi em tempo real pra saber se o problema é do roteador ou da operadora.",Veja a força do Wi-Fi para entender se o problema está dentro de casa ou na operadora.,Ajustar,Alta,Simplificar termo técnico,Objetivo Wi-Fi vs. operadora,Fixo condicionado,android/app/src/main/kotlin/io/veloo/app/kotlin/ui/screen/DiagnosticoGuiadoScreen.kt
240,Diagnóstico guiado,Resultado,CTA,Falar com a operadora,Entrar em contato com a operadora,Ajustar,Média,Clareza e objetividade,Categoria de diagnóstico ISP ou fibra,Fixo condicionado,android/app/src/main/kotlin/io/veloo/app/kotlin/ui/screen/DiagnosticoGuiadoScreen.kt
241,Diagnóstico guiado,Resultado,Fallback,Operadora,Operadora,Manter,Baixa,Clareza e objetividade,Nome não resolvido,Fixo condicionado,android/app/src/main/kotlin/io/veloo/app/kotlin/ui/screen/DiagnosticoGuiadoScreen.kt
242,Diagnóstico guiado,Resultado,Descrição,Atendimento oficial disponível,Canais oficiais disponíveis,Ajustar,Média,Clareza e objetividade,Resumo da operadora,Fixo condicionado,android/app/src/main/kotlin/io/veloo/app/kotlin/ui/screen/DiagnosticoGuiadoScreen.kt
243,Diagnóstico guiado,Resultado,Seção,Configurações,Sugestão,Ajustar,Média,Clareza e objetividade,Existe decisão do motor de recomendação,Fixo condicionado,android/app/src/main/kotlin/io/veloo/app/kotlin/ui/screen/DiagnosticoGuiadoScreen.kt
244,Diagnóstico guiado,Resultado,CTA,Ver diagnóstico por jogo (Modo gamer),Analisar um jogo específico,Ajustar,Média,Clareza e objetividade,Objetivo Jogos e callback disponível,Fixo condicionado,android/app/src/main/kotlin/io/veloo/app/kotlin/ui/screen/DiagnosticoGuiadoScreen.kt
245,Diagnóstico guiado,Resultado,CTA,Escolher outra situação,Analisar outro problema,Ajustar,Média,Clareza e objetividade,Resultado,Fixo condicionado,android/app/src/main/kotlin/io/veloo/app/kotlin/ui/screen/DiagnosticoGuiadoScreen.kt
246,Diagnóstico guiado,Resultado,CTA,Ir para o início,Voltar ao início,Ajustar,Média,Clareza e objetividade,Resultado,Fixo condicionado,android/app/src/main/kotlin/io/veloo/app/kotlin/ui/screen/DiagnosticoGuiadoScreen.kt
247,Diagnóstico guiado,Recomendação contextual,Tipo,DICA GRATUITA,DICA,Ajustar,Média,Clareza e objetividade,Conforme tipo de recomendação,Fixo condicionado,android/app/src/main/kotlin/io/veloo/app/kotlin/ui/screen/DiagnosticoGuiadoScreen.kt
248,Diagnóstico guiado,Recomendação contextual,Tipo,TUTORIAL,TUTORIAL,Manter,Baixa,Clareza e objetividade,Conforme tipo de recomendação,Fixo condicionado,android/app/src/main/kotlin/io/veloo/app/kotlin/ui/screen/DiagnosticoGuiadoScreen.kt
249,Diagnóstico guiado,Recomendação contextual,Tipo,CONFIGURAÇÃO,AJUSTE RECOMENDADO,Ajustar,Média,Clareza e objetividade,Conforme tipo de recomendação,Fixo condicionado,android/app/src/main/kotlin/io/veloo/app/kotlin/ui/screen/DiagnosticoGuiadoScreen.kt
250,Diagnóstico guiado,Recomendação contextual,Tipo,PRODUTO RECOMENDADO,PRODUTO SUGERIDO,Ajustar,Média,Clareza e objetividade,Conforme tipo de recomendação,Fixo condicionado,android/app/src/main/kotlin/io/veloo/app/kotlin/ui/screen/DiagnosticoGuiadoScreen.kt
251,Diagnóstico guiado,Recomendação contextual,Tipo,OFERTA PARCEIRA,OFERTA DE PARCEIRO,Ajustar,Média,Clareza e objetividade,Conforme tipo de recomendação,Fixo condicionado,android/app/src/main/kotlin/io/veloo/app/kotlin/ui/screen/DiagnosticoGuiadoScreen.kt
252,Diagnóstico guiado,Recomendação contextual,Tipo,OFERTA DA OPERADORA,OFERTA DA OPERADORA,Manter,Baixa,Clareza e objetividade,Conforme tipo de recomendação,Fixo condicionado,android/app/src/main/kotlin/io/veloo/app/kotlin/ui/screen/DiagnosticoGuiadoScreen.kt
253,Diagnóstico guiado,Recomendação contextual,Tipo,PUBLICIDADE,PUBLICIDADE,Manter,Baixa,Clareza e objetividade,Conforme tipo de recomendação,Fixo condicionado,android/app/src/main/kotlin/io/veloo/app/kotlin/ui/screen/DiagnosticoGuiadoScreen.kt
254,Diagnóstico guiado,Recomendação contextual,Título,Reposicione seu roteador,Reposicione seu roteador,Manter,Baixa,Clareza e objetividade,Wi-Fi fraco,Fixo condicionado,android/core/recommendation/src/main/kotlin/io/signallq/app/core/recommendation/catalog/LocalRecommendationCatalog.kt
255,Diagnóstico guiado,Recomendação contextual,Título,Melhore o sinal da rede movel,Melhore o sinal da rede móvel,Ajustar,Média,Clareza e objetividade,Sinal móvel baixo,Fixo condicionado,android/core/recommendation/src/main/kotlin/io/signallq/app/core/recommendation/catalog/LocalRecommendationCatalog.kt
256,Diagnóstico guiado,Recomendação contextual,Título,Troque o DNS da sua rede,Troque o serviço que localiza sites da sua rede,Ajustar,Média,Simplificar termo técnico,DNS lento,Fixo condicionado,android/core/recommendation/src/main/kotlin/io/signallq/app/core/recommendation/catalog/LocalRecommendationCatalog.kt
257,Diagnóstico guiado,Recomendação contextual,Título,Como reduzir o bufferbloat ativando QoS no roteador,Como deixar a internet mais estável quando a rede está ocupada,Ajustar,Alta,Simplificar termo técnico,Bufferbloat alto,Fixo condicionado,android/core/recommendation/src/main/kotlin/io/signallq/app/core/recommendation/catalog/LocalRecommendationCatalog.kt
258,Diagnóstico guiado,Recomendação contextual,Título,Repetidor Wi-Fi recomendado para o seu caso,Repetidor Wi-Fi recomendado para o seu caso,Manter,Baixa,Clareza e objetividade,Produto afiliado habilitado e sinal baixo,Fixo condicionado,android/core/recommendation/src/main/kotlin/io/signallq/app/core/recommendation/catalog/LocalRecommendationCatalog.kt
259,Diagnóstico guiado,Recomendação contextual,Título,Roteador parceiro com melhor cobertura para sua casa,Roteador parceiro com melhor cobertura para sua casa,Manter,Baixa,Clareza e objetividade,Oferta de parceiro habilitada,Fixo condicionado,android/core/recommendation/src/main/kotlin/io/signallq/app/core/recommendation/catalog/LocalRecommendationCatalog.kt
260,Diagnóstico guiado,Recomendação contextual,Título,Planos com mais velocidade disponiveis para o seu endereco,Veja planos com mais velocidade disponíveis na sua região,Ajustar,Média,Clareza e objetividade,Oferta de operadora habilitada,Fixo condicionado,android/core/recommendation/src/main/kotlin/io/signallq/app/core/recommendation/catalog/LocalRecommendationCatalog.kt
261,Diagnóstico guiado,Recomendação contextual,Título,Anuncio nativo (fallback),Conteúdo patrocinado,Ajustar,Média,Clareza e objetividade,Fallback habilitado,Fixo condicionado,android/core/recommendation/src/main/kotlin/io/signallq/app/core/recommendation/catalog/LocalRecommendationCatalog.kt
262,Diagnóstico guiado,Recomendação contextual,Título,{título da recomendação},{título da recomendação},Manter,Baixa,Clareza e objetividade,Card renderizado,Template variável,android/app/src/main/kotlin/io/veloo/app/kotlin/ui/screen/DiagnosticoGuiadoScreen.kt
263,Diagnóstico guiado,Recomendação contextual,Motivo expansível,{motivo calculado pelo motor},{motivo calculado pelo motor},Manter,Baixa,Clareza e objetividade,Card expandido,Template variável,android/core/recommendation/src/main/kotlin/io/signallq/app/core/recommendation/RecommendationEngine.kt
264,Diagnóstico guiado,Recomendação contextual,Template de motivo,Casou com tags: {tags} ({percentual}% de match).,Esta sugestão combina com o problema identificado.,Ajustar,Alta,Clareza e objetividade,Há tags correspondentes,Template variável,android/core/recommendation/src/main/kotlin/io/signallq/app/core/recommendation/RecommendationEngine.kt
265,Diagnóstico guiado,Recomendação contextual,Template de motivo,Sem recomendacao contextual elegivel; usando fallback {tipo}.,Não encontrei uma sugestão específica para este resultado.,Ajustar,Média,Clareza e objetividade,Sem correspondência contextual,Template variável,android/core/recommendation/src/main/kotlin/io/signallq/app/core/recommendation/RecommendationEngine.kt
266,Diagnóstico guiado,Recomendação contextual,Feedback,Útil,Útil,Manter,Baixa,Clareza e objetividade,Sem feedback anterior,Fixo condicionado,android/app/src/main/kotlin/io/veloo/app/kotlin/ui/screen/DiagnosticoGuiadoScreen.kt
267,Diagnóstico guiado,Recomendação contextual,Feedback,Não útil,Não útil,Manter,Baixa,Clareza e objetividade,Sem feedback anterior,Fixo condicionado,android/app/src/main/kotlin/io/veloo/app/kotlin/ui/screen/DiagnosticoGuiadoScreen.kt
268,Diagnóstico guiado,Recomendação contextual,Feedback,Ocultar,Ocultar,Manter,Baixa,Clareza e objetividade,Sem feedback anterior,Fixo condicionado,android/app/src/main/kotlin/io/veloo/app/kotlin/ui/screen/DiagnosticoGuiadoScreen.kt
269,Diagnóstico guiado,Recomendação contextual,Confirmação,Obrigado pelo feedback — isso ajuda a melhorar as próximas recomendações.,Obrigado pelo feedback! Isso ajuda a melhorar as próximas recomendações.,Ajustar,Média,Clareza e objetividade,Feedback enviado,Fixo condicionado,android/app/src/main/kotlin/io/veloo/app/kotlin/ui/screen/DiagnosticoGuiadoScreen.kt
270,Diagnóstico guiado,Recomendação contextual,Acessibilidade,Recomendação: {título},Recomendação: {título},Manter,Baixa,Clareza e objetividade,Card renderizado,Template variável,android/app/src/main/kotlin/io/veloo/app/kotlin/ui/screen/DiagnosticoGuiadoScreen.kt
271,Diagnóstico guiado,Recomendação contextual,Acessibilidade,expandido,expandido,Manter,Baixa,Clareza e objetividade,Motivo aberto,Fixo condicionado,android/app/src/main/kotlin/io/veloo/app/kotlin/ui/screen/DiagnosticoGuiadoScreen.kt
272,Diagnóstico guiado,Recomendação contextual,Acessibilidade,recolhido,recolhido,Manter,Baixa,Clareza e objetividade,Motivo fechado,Fixo condicionado,android/app/src/main/kotlin/io/veloo/app/kotlin/ui/screen/DiagnosticoGuiadoScreen.kt
273,Diagnóstico guiado,Falar com a operadora,Título,Falar com a operadora,Entrar em contato com a operadora,Ajustar,Média,Clareza e objetividade,Sempre,Fixo condicionado,android/app/src/main/kotlin/io/veloo/app/kotlin/ui/component/OperadoraBottomSheet.kt
274,Diagnóstico guiado,Falar com a operadora,Subtítulo,Detectamos sua operadora pela rede móvel. Atendimento oficial.,Detectamos sua operadora pela rede móvel. Atendimento oficial.,Manter,Baixa,Clareza e objetividade,Operadora móvel identificada com contatos,Fixo condicionado,android/app/src/main/kotlin/io/veloo/app/kotlin/ui/component/OperadoraBottomSheet.kt
275,Diagnóstico guiado,Falar com a operadora,Subtítulo,Detectamos sua operadora pela rede fixa. Atendimento oficial.,Detectamos sua operadora pela rede fixa. Atendimento oficial.,Manter,Baixa,Clareza e objetividade,Operadora fixa identificada com contatos,Fixo condicionado,android/app/src/main/kotlin/io/veloo/app/kotlin/ui/component/OperadoraBottomSheet.kt
276,Diagnóstico guiado,Falar com a operadora,Subtítulo,"Identificamos sua operadora, mas nenhum canal de atendimento está disponível no momento.","Identificamos sua operadora, mas nenhum canal de atendimento está disponível no momento.",Manter,Baixa,Clareza e objetividade,Identificada sem contatos,Fixo condicionado,android/app/src/main/kotlin/io/veloo/app/kotlin/ui/component/OperadoraBottomSheet.kt
277,Diagnóstico guiado,Falar com a operadora,Subtítulo,Não foi possível identificar sua operadora automaticamente. Escolha abaixo para ver os canais de atendimento.,Não foi possível identificar sua operadora automaticamente. Escolha abaixo para ver os canais de atendimento.,Manter,Baixa,Preservar incerteza,Não identificada,Fixo condicionado,android/app/src/main/kotlin/io/veloo/app/kotlin/ui/component/OperadoraBottomSheet.kt
278,Diagnóstico guiado,Falar com a operadora,Legenda,SIM ativo · plano móvel,SIM ativo · plano móvel,Manter,Baixa,Clareza e objetividade,Rede móvel,Fixo condicionado,android/app/src/main/kotlin/io/veloo/app/kotlin/ui/component/OperadoraBottomSheet.kt
279,Diagnóstico guiado,Falar com a operadora,Legenda,rede fixa,rede fixa,Manter,Baixa,Clareza e objetividade,Rede fixa,Fixo condicionado,android/app/src/main/kotlin/io/veloo/app/kotlin/ui/component/OperadoraBottomSheet.kt
280,Diagnóstico guiado,Falar com a operadora,Seção,Sua operadora,Sua operadora,Manter,Baixa,Clareza e objetividade,Operadora identificada,Fixo condicionado,android/app/src/main/kotlin/io/veloo/app/kotlin/ui/component/OperadoraBottomSheet.kt
281,Diagnóstico guiado,Falar com a operadora,Seção,Não é a sua? Outras operadoras,Não é a sua? Outras operadoras,Manter,Baixa,Clareza e objetividade,Operadora identificada,Fixo condicionado,android/app/src/main/kotlin/io/veloo/app/kotlin/ui/component/OperadoraBottomSheet.kt
282,Diagnóstico guiado,Falar com a operadora,Seção,Operadoras disponíveis,Operadoras disponíveis,Manter,Baixa,Clareza e objetividade,Operadora não identificada,Fixo condicionado,android/app/src/main/kotlin/io/veloo/app/kotlin/ui/component/OperadoraBottomSheet.kt
283,Diagnóstico guiado,Falar com a operadora,Seção,Regionais,Regionais,Manter,Baixa,Clareza e objetividade,Há operadoras regionais,Fixo condicionado,android/app/src/main/kotlin/io/veloo/app/kotlin/ui/component/OperadoraBottomSheet.kt
284,Diagnóstico guiado,Falar com a operadora,Aviso,O SignallQ não tem vínculo com as operadoras. Você será levado ao canal oficial de cada uma.,O SignallQ não tem vínculo com as operadoras. Você será levado ao canal oficial de cada uma.,Manter,Baixa,Clareza e objetividade,Sempre,Fixo condicionado,android/app/src/main/kotlin/io/veloo/app/kotlin/ui/component/OperadoraBottomSheet.kt
285,Diagnóstico guiado,Falar com a operadora,Estado vazio,Nenhum canal de atendimento disponível no momento.,Nenhum canal de atendimento disponível no momento.,Manter,Baixa,Clareza e objetividade,Identificada sem canal,Fixo condicionado,android/app/src/main/kotlin/io/veloo/app/kotlin/ui/component/OperadoraBottomSheet.kt
286,Diagnóstico guiado,Falar com a operadora,CTA,Falar no WhatsApp,Falar no WhatsApp,Manter,Baixa,Clareza e objetividade,WhatsApp disponível,Fixo condicionado,android/app/src/main/kotlin/io/veloo/app/kotlin/ui/component/OperadoraBottomSheet.kt
287,Diagnóstico guiado,Falar com a operadora,CTA,Ligar {telefone},Ligar {telefone},Manter,Baixa,Clareza e objetividade,Telefone disponível,Template variável,android/app/src/main/kotlin/io/veloo/app/kotlin/ui/component/OperadoraBottomSheet.kt
288,Diagnóstico guiado,Falar com a operadora,CTA,App {grupo da operadora},App {grupo da operadora},Manter,Baixa,Clareza e objetividade,App/grupo conhecido,Template variável,android/app/src/main/kotlin/io/veloo/app/kotlin/ui/component/OperadoraBottomSheet.kt
289,Diagnóstico guiado,Falar com a operadora,CTA,Acessar site,Acessar site,Manter,Baixa,Clareza e objetividade,Somente site disponível,Fixo condicionado,android/app/src/main/kotlin/io/veloo/app/kotlin/ui/component/OperadoraBottomSheet.kt
290,Diagnóstico guiado,Falar com a operadora,Contato,WhatsApp · ligar {telefone},WhatsApp · ligar {telefone},Manter,Baixa,Clareza e objetividade,Outra operadora com WhatsApp e telefone,Template variável,android/app/src/main/kotlin/io/veloo/app/kotlin/ui/component/OperadoraBottomSheet.kt
291,Diagnóstico guiado,Falar com a operadora,Contato,WhatsApp,WhatsApp,Manter,Baixa,Clareza e objetividade,Outra operadora só com WhatsApp,Fixo condicionado,android/app/src/main/kotlin/io/veloo/app/kotlin/ui/component/OperadoraBottomSheet.kt
292,Diagnóstico guiado,Falar com a operadora,Contato,ligar {telefone},ligar {telefone},Manter,Baixa,Clareza e objetividade,Outra operadora só com telefone,Template variável,android/app/src/main/kotlin/io/veloo/app/kotlin/ui/component/OperadoraBottomSheet.kt
293,Diagnóstico guiado,Falar com a operadora,Acessibilidade,{descrição de abrir o WhatsApp},{descrição de abrir o WhatsApp},Manter,Baixa,Clareza e objetividade,Ícone do WhatsApp,Template variável,android/app/src/main/kotlin/io/veloo/app/kotlin/ui/component/OperadoraBottomSheet.kt
294,Diagnóstico guiado,Falar com a operadora,Dado,{nome da operadora},{nome da operadora},Manter,Baixa,Clareza e objetividade,Lista/resolução de operadoras,Template variável,android/app/src/main/kotlin/io/veloo/app/kotlin/ui/component/OperadoraBottomSheet.kt
295,Detalhes técnicos,Cabeçalho,Título,Detalhes técnicos,Detalhes da conexão,Ajustar,Média,Clareza e objetividade,Sempre,Fixo,android/app/src/main/kotlin/io/veloo/app/kotlin/ui/screen/DetalhesTecnicosScreen.kt
296,Detalhes técnicos,Cabeçalho,Acessibilidade,Voltar,Voltar,Manter,Baixa,Clareza e objetividade,Sempre,Fixo,android/app/src/main/kotlin/io/veloo/app/kotlin/ui/screen/DetalhesTecnicosScreen.kt
297,Detalhes técnicos,Orientação,Seção,Orientação por tipo de rede,Sobre este tipo de conexão,Ajustar,Média,Clareza e objetividade,Sempre,Fixo,android/app/src/main/kotlin/io/veloo/app/kotlin/ui/screen/DetalhesTecnicosScreen.kt
298,Detalhes técnicos,Orientação,Texto,"Conexão via Wi-Fi. Se o resultado ficou abaixo do esperado, teste perto do roteador ou com um cabo de rede pra isolar se o problema é do Wi-Fi ou da internet contratada.","Conexão via Wi-Fi. Se o resultado ficou abaixo do esperado, teste perto do roteador ou com um cabo de rede para isolar se o problema é do Wi-Fi ou da internet contratada.",Ajustar,Média,Encurtar,Wi-Fi,Fixo condicionado,android/app/src/main/kotlin/io/veloo/app/kotlin/ui/screen/DetalhesTecnicosScreen.kt
299,Detalhes técnicos,Orientação,Texto,Conexão via {5G|4G|rede móvel}. Sinal fraco e congestionamento da torre variam por local e horário — repita o teste em outro ponto ou horário antes de concluir que há um problema fixo.,Conexão via {5G|4G|rede móvel}. Sinal fraco e congestionamento da torre variam por local e horário. Repita o teste em outro ponto ou horário antes de concluir que há um problema fixo.,Ajustar,Média,Encurtar,Rede móvel,Template variável,android/app/src/main/kotlin/io/veloo/app/kotlin/ui/screen/DetalhesTecnicosScreen.kt
300,Detalhes técnicos,Orientação,Texto,Tipo de conexão não identificado neste teste. Repita o teste conectado por Wi-Fi ou dados móveis pra ter uma orientação mais precisa.,Tipo de conexão não identificado neste teste. Repita o teste conectado por Wi-Fi ou dados móveis para ter uma orientação mais precisa.,Ajustar,Média,Encurtar,Tipo desconhecido,Fixo condicionado,android/app/src/main/kotlin/io/veloo/app/kotlin/ui/screen/DetalhesTecnicosScreen.kt
301,Detalhes técnicos,Métricas,Seção,Métricas medidas,Dados medidos,Ajustar,Média,Clareza e objetividade,Sempre,Fixo,android/app/src/main/kotlin/io/veloo/app/kotlin/ui/screen/DetalhesTecnicosScreen.kt
302,Detalhes técnicos,Métricas,Rótulo,Bufferbloat,Lentidão com a rede ocupada,Ajustar,Alta,Simplificar termo técnico,Sempre,Fixo,android/app/src/main/kotlin/io/veloo/app/kotlin/ui/screen/DetalhesTecnicosScreen.kt
303,Detalhes técnicos,Métricas,Rótulo,Pico Download,Maior velocidade de download,Ajustar,Média,Clareza e objetividade,Sempre,Fixo,android/app/src/main/kotlin/io/veloo/app/kotlin/ui/screen/DetalhesTecnicosScreen.kt
304,Detalhes técnicos,Métricas,Rótulo,Pico Upload,Maior velocidade de upload,Ajustar,Média,Clareza e objetividade,Sempre,Fixo,android/app/src/main/kotlin/io/veloo/app/kotlin/ui/screen/DetalhesTecnicosScreen.kt
305,Detalhes técnicos,Métricas,Rótulo,Latência c/ carga ↓,Tempo de resposta durante download,Ajustar,Média,Simplificar termo técnico,Sempre,Fixo,android/app/src/main/kotlin/io/veloo/app/kotlin/ui/screen/DetalhesTecnicosScreen.kt
306,Detalhes técnicos,Métricas,Rótulo,Latência c/ carga ↑,Tempo de resposta durante upload,Ajustar,Média,Simplificar termo técnico,Sempre,Fixo,android/app/src/main/kotlin/io/veloo/app/kotlin/ui/screen/DetalhesTecnicosScreen.kt
307,Detalhes técnicos,Métricas,Rótulo,Estabilidade,Estabilidade da conexão,Ajustar,Média,Clareza e objetividade,Score entre 0 e 1,Fixo condicionado,android/app/src/main/kotlin/io/veloo/app/kotlin/ui/screen/DetalhesTecnicosScreen.kt
308,Detalhes técnicos,Métricas,Rótulo,DNS,Tempo para localizar sites,Ajustar,Média,Simplificar termo técnico,Latência DNS disponível,Fixo condicionado,android/app/src/main/kotlin/io/veloo/app/kotlin/ui/screen/DetalhesTecnicosScreen.kt
309,Detalhes técnicos,Métricas,Rótulo,DNS ({provedor ou IP}),DNS ({provedor ou IP}),Manter,Média,Simplificar termo técnico,Provedor/resolvedor disponível,Template variável,android/app/src/main/kotlin/io/veloo/app/kotlin/ui/screen/DetalhesTecnicosScreen.kt
310,Detalhes técnicos,Métricas,Rótulo,Servidor,Servidor usado no teste,Ajustar,Média,Clareza e objetividade,Localização do servidor disponível,Fixo condicionado,android/app/src/main/kotlin/io/veloo/app/kotlin/ui/screen/DetalhesTecnicosScreen.kt
311,Detalhes técnicos,Equipamento,Seção,Equipamento local,Seu equipamento de internet,Ajustar,Média,Clareza e objetividade,Sempre,Fixo,android/app/src/main/kotlin/io/veloo/app/kotlin/ui/screen/DetalhesTecnicosScreen.kt
312,Detalhes técnicos,Equipamento local,Título,ONT de fibra,Modem de fibra,Ajustar,Média,Simplificar termo técnico,Tipo/fallback do equipamento,Fixo condicionado,android/app/src/main/kotlin/io/veloo/app/kotlin/ui/component/LocalDeviceSection.kt
313,Detalhes técnicos,Equipamento local,Título,Roteador,Roteador,Manter,Baixa,Clareza e objetividade,Tipo/fallback do equipamento,Fixo condicionado,android/app/src/main/kotlin/io/veloo/app/kotlin/ui/component/LocalDeviceSection.kt
314,Detalhes técnicos,Equipamento local,Título,Nó mesh,Nó mesh,Manter,Baixa,Clareza e objetividade,Tipo/fallback do equipamento,Fixo condicionado,android/app/src/main/kotlin/io/veloo/app/kotlin/ui/component/LocalDeviceSection.kt
315,Detalhes técnicos,Equipamento local,Título,Equipamento local,Seu equipamento de internet,Ajustar,Média,Clareza e objetividade,Tipo desconhecido,Fixo condicionado,android/app/src/main/kotlin/io/veloo/app/kotlin/ui/component/LocalDeviceSection.kt
316,Detalhes técnicos,Equipamento local,Estado,Nenhum equipamento encontrado,Não encontrei um equipamento compatível,Ajustar,Média,Clareza e objetividade,Nada detectado,Fixo condicionado,android/app/src/main/kotlin/io/veloo/app/kotlin/ui/component/LocalDeviceSection.kt
317,Detalhes técnicos,Equipamento local,Descrição,Não identificamos um roteador ou ONT compatível nesta rede.,Não encontrei um roteador ou modem de fibra compatível nesta rede.,Ajustar,Média,Simplificar termo técnico,Nada detectado,Fixo condicionado,android/app/src/main/kotlin/io/veloo/app/kotlin/ui/component/LocalDeviceSection.kt
318,Detalhes técnicos,Equipamento local,Estado,Equipamento identificado,Encontrei seu equipamento,Ajustar,Média,Clareza e objetividade,Fingerprint passivo,Fixo condicionado,android/app/src/main/kotlin/io/veloo/app/kotlin/ui/component/LocalDeviceSection.kt
319,Detalhes técnicos,Equipamento local,Descrição,Encontramos um {tipo de equipamento} na rede. Conecte para ver dados detalhados.,Encontramos um {tipo de equipamento} na rede. Conecte para ver dados detalhados.,Manter,Baixa,Clareza e objetividade,Identificado sem conexão,Template variável,android/app/src/main/kotlin/io/veloo/app/kotlin/ui/component/LocalDeviceSection.kt
320,Detalhes técnicos,Equipamento local,Estado,Não foi possível conectar ao equipamento,Não consegui acessar o equipamento,Ajustar,Média,Preservar incerteza,Falha de login,Fixo condicionado,android/app/src/main/kotlin/io/veloo/app/kotlin/ui/component/LocalDeviceSection.kt
321,Detalhes técnicos,Equipamento local,Descrição,{mensagem de erro de conexão},{mensagem de erro de conexão},Manter,Baixa,Clareza e objetividade,Falha de login,Template variável,android/app/src/main/kotlin/io/veloo/app/kotlin/ui/component/LocalDeviceSection.kt
322,Detalhes técnicos,Equipamento local,Estado,Equipamento sem suporte,Este equipamento ainda não é compatível,Ajustar,Média,Clareza e objetividade,Sem parser/driver,Fixo condicionado,android/app/src/main/kotlin/io/veloo/app/kotlin/ui/component/LocalDeviceSection.kt
323,Detalhes técnicos,Equipamento local,Descrição,"Identificamos um equipamento na rede, mas ainda não sabemos ler dados dele.","Identificamos um equipamento na rede, mas ainda não sabemos ler dados dele.",Manter,Baixa,Clareza e objetividade,Tipo desconhecido sem suporte,Fixo condicionado,android/app/src/main/kotlin/io/veloo/app/kotlin/ui/component/LocalDeviceSection.kt
324,Detalhes técnicos,Equipamento local,Descrição,"Identificamos um {tipo} na rede, mas ainda não sabemos ler os dados dele.","Identificamos um {tipo} na rede, mas ainda não sabemos ler os dados dele.",Manter,Baixa,Clareza e objetividade,Tipo conhecido sem suporte,Template variável,android/app/src/main/kotlin/io/veloo/app/kotlin/ui/component/LocalDeviceSection.kt
325,Detalhes técnicos,Equipamento local,Badge,Parcial,Dados incompletos,Ajustar,Média,Clareza e objetividade,Leitura incompleta,Fixo condicionado,android/app/src/main/kotlin/io/veloo/app/kotlin/ui/component/LocalDeviceSection.kt
326,Detalhes técnicos,Equipamento local,Badge,Diagnóstico avançado,Análise avançada disponível,Ajustar,Média,Clareza e objetividade,Diagnóstico nativo disponível,Fixo condicionado,android/app/src/main/kotlin/io/veloo/app/kotlin/ui/component/LocalDeviceSection.kt
327,Detalhes técnicos,Equipamento local,Aviso,Suporte experimental. Alguns dados podem não aparecer ou estar incompletos.,Este equipamento ainda está em fase de testes. Alguns dados podem não aparecer.,Ajustar,Média,Preservar incerteza,Driver importado/inferido,Fixo condicionado,android/app/src/main/kotlin/io/veloo/app/kotlin/ui/component/LocalDeviceSection.kt
328,Detalhes técnicos,Equipamento local,Frescor,Atualizado agora,Atualizado agora,Manter,Baixa,Clareza e objetividade,Leitura com menos de 2 minutos,Fixo condicionado,android/app/src/main/kotlin/io/veloo/app/kotlin/ui/component/LocalDeviceSection.kt
329,Detalhes técnicos,Equipamento local,Frescor,Atualizado há {minutos} min,Atualizado há {minutos} min,Manter,Baixa,Clareza e objetividade,Leitura com menos de 1 hora,Template variável,android/app/src/main/kotlin/io/veloo/app/kotlin/ui/component/LocalDeviceSection.kt
330,Detalhes técnicos,Equipamento local,Frescor,Atualizado há {horas}h,Atualizado há {horas}h,Manter,Baixa,Clareza e objetividade,Leitura com 1 hora ou mais,Template variável,android/app/src/main/kotlin/io/veloo/app/kotlin/ui/component/LocalDeviceSection.kt
331,Detalhes técnicos,Equipamento local,Frescor,Leitura desatualizada,Dados desatualizados,Ajustar,Média,Clareza e objetividade,Snapshot expirado,Fixo condicionado,android/app/src/main/kotlin/io/veloo/app/kotlin/ui/component/LocalDeviceSection.kt
332,Detalhes técnicos,Equipamento local,Aviso,Estes dados podem não refletir o estado atual do equipamento — toque em Atualizar para uma nova leitura.,Estes dados podem não refletir o estado atual do equipamento. Toque em Atualizar para uma nova leitura.,Ajustar,Média,Preservar incerteza,Snapshot expirado e atualização disponível,Fixo condicionado,android/app/src/main/kotlin/io/veloo/app/kotlin/ui/component/LocalDeviceSection.kt
333,Detalhes técnicos,Equipamento local,Seção,Dados técnicos,Detalhes do equipamento,Ajustar,Média,Clareza e objetividade,Há seções técnicas,Fixo condicionado,android/app/src/main/kotlin/io/veloo/app/kotlin/ui/component/LocalDeviceSection.kt
334,Detalhes técnicos,Equipamento local,Ação,Ver detalhes,Ver detalhes,Manter,Baixa,Clareza e objetividade,Detalhes recolhidos,Fixo condicionado,android/app/src/main/kotlin/io/veloo/app/kotlin/ui/component/LocalDeviceSection.kt
335,Detalhes técnicos,Equipamento local,Ação,Ocultar,Ocultar,Manter,Baixa,Clareza e objetividade,Detalhes expandidos,Fixo condicionado,android/app/src/main/kotlin/io/veloo/app/kotlin/ui/component/LocalDeviceSection.kt
336,Detalhes técnicos,Equipamento local,Nota,Este roteador não faz leitura de fibra — esse dado aparece apenas na ONT/modem da operadora.,Este roteador não faz leitura de fibra. Esse dado aparece apenas no modem de fibra da operadora.,Ajustar,Média,Simplificar termo técnico; Preservar incerteza,Equipamento é roteador,Fixo condicionado,android/app/src/main/kotlin/io/veloo/app/kotlin/ui/component/LocalDeviceSection.kt
337,Detalhes técnicos,Equipamento local,Nota,Nós mesh não fazem leitura de fibra — esse dado aparece apenas na ONT/modem da operadora.,Nós mesh não fazem leitura de fibra. Esse dado aparece apenas no modem de fibra da operadora.,Ajustar,Média,Simplificar termo técnico; Preservar incerteza,Equipamento é mesh/extensor,Fixo condicionado,android/app/src/main/kotlin/io/veloo/app/kotlin/ui/component/LocalDeviceSection.kt
338,Detalhes técnicos,Equipamento local · Resumo,Título,Sem leitura da fibra,Não consegui ler o sinal da fibra,Ajustar,Média,Clareza e objetividade,"Fibra suportada, sem dados",Fixo condicionado,android/app/src/main/kotlin/io/veloo/app/kotlin/ui/component/LocalDeviceSection.kt
339,Detalhes técnicos,Equipamento local · Resumo,Descrição,"O equipamento suporta dados ópticos, mas esta leitura não trouxe valores.","O equipamento é compatível, mas não consegui ler os dados da fibra agora.",Ajustar,Média,Clareza e objetividade,"Fibra suportada, sem dados",Fixo condicionado,android/app/src/main/kotlin/io/veloo/app/kotlin/ui/component/LocalDeviceSection.kt
340,Detalhes técnicos,Equipamento local · Resumo,Título,Fibra desconectada,A fibra está sem sinal,Ajustar,Média,Clareza e objetividade,Link óptico inativo,Fixo condicionado,android/app/src/main/kotlin/io/veloo/app/kotlin/ui/component/LocalDeviceSection.kt
341,Detalhes técnicos,Equipamento local · Resumo,Descrição,O link óptico está inativo — sem sinal da operadora.,A fibra está sem sinal da operadora.,Ajustar,Média,Clareza e objetividade,Link óptico inativo,Fixo condicionado,android/app/src/main/kotlin/io/veloo/app/kotlin/ui/component/LocalDeviceSection.kt
342,Detalhes técnicos,Equipamento local · Resumo,Título,Fibra ativa,A fibra está conectada,Ajustar,Média,Clareza e objetividade,Sem achados do motor de fibra,Fixo condicionado,android/app/src/main/kotlin/io/veloo/app/kotlin/ui/component/LocalDeviceSection.kt
343,Detalhes técnicos,Equipamento local · Resumo,Descrição,"Link óptico ativo, sem métricas adicionais nesta leitura.","A fibra está conectada, mas não consegui ler outros dados agora.",Ajustar,Média,Clareza e objetividade,Sem achados do motor de fibra,Fixo condicionado,android/app/src/main/kotlin/io/veloo/app/kotlin/ui/component/LocalDeviceSection.kt
344,Detalhes técnicos,Equipamento local · Resumo,Título,Internet chegando normalmente,A internet está chegando ao roteador,Ajustar,Média,Clareza e objetividade,WAN com IP/gateway,Fixo condicionado,android/app/src/main/kotlin/io/veloo/app/kotlin/ui/component/LocalDeviceSection.kt
345,Detalhes técnicos,Equipamento local · Resumo,Descrição,O roteador confirma conexão ativa com a operadora.,A operadora está entregando sinal ao roteador.,Ajustar,Média,Clareza e objetividade,WAN com IP/gateway,Fixo condicionado,android/app/src/main/kotlin/io/veloo/app/kotlin/ui/component/LocalDeviceSection.kt
346,Detalhes técnicos,Equipamento local · Resumo,Título,Internet chegando normalmente,A internet está chegando ao roteador,Ajustar,Média,Clareza e objetividade,WAN ativa e Wi-Fi habilitado,Fixo condicionado,android/app/src/main/kotlin/io/veloo/app/kotlin/ui/component/LocalDeviceSection.kt
347,Detalhes técnicos,Equipamento local · Resumo,Descrição,O roteador confirma conexão ativa com a operadora. Wi-Fi ligado e transmitindo.,Há sinal da operadora e o Wi-Fi está ligado.,Ajustar,Média,Clareza e objetividade,WAN ativa e Wi-Fi habilitado,Fixo condicionado,android/app/src/main/kotlin/io/veloo/app/kotlin/ui/component/LocalDeviceSection.kt
348,Detalhes técnicos,Equipamento local · Resumo,Título,Sem confirmação da internet,Não consegui confirmar o sinal da operadora,Ajustar,Média,Clareza e objetividade,WAN sem IP/gateway,Fixo condicionado,android/app/src/main/kotlin/io/veloo/app/kotlin/ui/component/LocalDeviceSection.kt
349,Detalhes técnicos,Equipamento local · Resumo,Descrição,O roteador não reportou IP da operadora nesta leitura.,O roteador não confirmou uma conexão ativa com a operadora.,Ajustar,Média,Clareza e objetividade,WAN sem IP/gateway,Fixo condicionado,android/app/src/main/kotlin/io/veloo/app/kotlin/ui/component/LocalDeviceSection.kt
350,Detalhes técnicos,Equipamento local · Resumo,Título,Equipamento respondendo,O equipamento está acessível,Ajustar,Média,Clareza e objetividade,Sem fibra e sem WAN,Fixo condicionado,android/app/src/main/kotlin/io/veloo/app/kotlin/ui/component/LocalDeviceSection.kt
351,Detalhes técnicos,Equipamento local · Resumo,Descrição,"Conectado ao equipamento, mas sem métricas de internet para avaliar automaticamente.","Consegui acessar o equipamento, mas faltam dados para avaliar a internet.",Ajustar,Média,Clareza e objetividade,Sem fibra e sem WAN,Fixo condicionado,android/app/src/main/kotlin/io/veloo/app/kotlin/ui/component/LocalDeviceSection.kt
352,Detalhes técnicos,Equipamento local · Dados,Seção,Fibra óptica,Fibra,Ajustar,Média,Clareza e objetividade,Conforme capabilities e dados do equipamento,Fixo condicionado,android/app/src/main/kotlin/io/veloo/app/kotlin/ui/component/LocalDeviceSection.kt
353,Detalhes técnicos,Equipamento local · Dados,Rótulo,Link óptico,Conexão da fibra,Ajustar,Média,Clareza e objetividade,Conforme capabilities e dados do equipamento,Fixo condicionado,android/app/src/main/kotlin/io/veloo/app/kotlin/ui/component/LocalDeviceSection.kt
354,Detalhes técnicos,Equipamento local · Dados,Valor,Ativo,Ativo,Manter,Baixa,Clareza e objetividade,Conforme capabilities e dados do equipamento,Fixo condicionado,android/app/src/main/kotlin/io/veloo/app/kotlin/ui/component/LocalDeviceSection.kt
355,Detalhes técnicos,Equipamento local · Dados,Valor,Inativo,Inativo,Manter,Baixa,Clareza e objetividade,Conforme capabilities e dados do equipamento,Fixo condicionado,android/app/src/main/kotlin/io/veloo/app/kotlin/ui/component/LocalDeviceSection.kt
356,Detalhes técnicos,Equipamento local · Dados,Rótulo,Potência RX,Sinal recebido da fibra,Ajustar,Média,Clareza e objetividade,Conforme capabilities e dados do equipamento,Fixo condicionado,android/app/src/main/kotlin/io/veloo/app/kotlin/ui/component/LocalDeviceSection.kt
357,Detalhes técnicos,Equipamento local · Dados,Rótulo,Potência TX,Sinal enviado pela fibra,Ajustar,Média,Clareza e objetividade,Conforme capabilities e dados do equipamento,Fixo condicionado,android/app/src/main/kotlin/io/veloo/app/kotlin/ui/component/LocalDeviceSection.kt
358,Detalhes técnicos,Equipamento local · Dados,Rótulo,Temperatura,Temperatura,Manter,Baixa,Clareza e objetividade,Conforme capabilities e dados do equipamento,Fixo condicionado,android/app/src/main/kotlin/io/veloo/app/kotlin/ui/component/LocalDeviceSection.kt
359,Detalhes técnicos,Equipamento local · Dados,Rótulo,Tensão do laser,Tensão do transmissor,Ajustar,Média,Clareza e objetividade,Conforme capabilities e dados do equipamento,Fixo condicionado,android/app/src/main/kotlin/io/veloo/app/kotlin/ui/component/LocalDeviceSection.kt
360,Detalhes técnicos,Equipamento local · Dados,Rótulo,Corrente do laser,Corrente do transmissor,Ajustar,Média,Clareza e objetividade,Conforme capabilities e dados do equipamento,Fixo condicionado,android/app/src/main/kotlin/io/veloo/app/kotlin/ui/component/LocalDeviceSection.kt
361,Detalhes técnicos,Equipamento local · Dados,Rótulo,Número de série da ONT,Número de série do modem de fibra,Ajustar,Média,Simplificar termo técnico,Conforme capabilities e dados do equipamento,Fixo condicionado,android/app/src/main/kotlin/io/veloo/app/kotlin/ui/component/LocalDeviceSection.kt
362,Detalhes técnicos,Equipamento local · Dados,Fallback,Sem leitura nesta captura,Sem leitura nesta captura,Manter,Baixa,Clareza e objetividade,Conforme capabilities e dados do equipamento,Fixo condicionado,android/app/src/main/kotlin/io/veloo/app/kotlin/ui/component/LocalDeviceSection.kt
363,Detalhes técnicos,Equipamento local · Dados,Seção/rótulo,Internet (WAN),Conexão com a operadora,Ajustar,Média,Simplificar termo técnico,Conforme capabilities e dados do equipamento,Fixo condicionado,android/app/src/main/kotlin/io/veloo/app/kotlin/ui/component/LocalDeviceSection.kt
364,Detalhes técnicos,Equipamento local · Dados,Rótulo,IP externo,Endereço de internet,Ajustar,Média,Clareza e objetividade,Conforme capabilities e dados do equipamento,Fixo condicionado,android/app/src/main/kotlin/io/veloo/app/kotlin/ui/component/LocalDeviceSection.kt
365,Detalhes técnicos,Equipamento local · Dados,Rótulo,Tipo de conexão,Tipo de conexão,Manter,Baixa,Clareza e objetividade,Conforme capabilities e dados do equipamento,Fixo condicionado,android/app/src/main/kotlin/io/veloo/app/kotlin/ui/component/LocalDeviceSection.kt
366,Detalhes técnicos,Equipamento local · Dados,Rótulo,Gateway,Saída da rede,Ajustar,Média,Simplificar termo técnico,Conforme capabilities e dados do equipamento,Fixo condicionado,android/app/src/main/kotlin/io/veloo/app/kotlin/ui/component/LocalDeviceSection.kt
367,Detalhes técnicos,Equipamento local · Dados,Rótulo,DNS primário,Serviço principal para localizar sites,Ajustar,Média,Simplificar termo técnico,Conforme capabilities e dados do equipamento,Fixo condicionado,android/app/src/main/kotlin/io/veloo/app/kotlin/ui/component/LocalDeviceSection.kt
368,Detalhes técnicos,Equipamento local · Dados,Rótulo,DNS secundário,Serviço alternativo para localizar sites,Ajustar,Média,Simplificar termo técnico,Conforme capabilities e dados do equipamento,Fixo condicionado,android/app/src/main/kotlin/io/veloo/app/kotlin/ui/component/LocalDeviceSection.kt
369,Detalhes técnicos,Equipamento local · Dados,Rótulo,Interface,Conexão usada,Ajustar,Média,Clareza e objetividade,Conforme capabilities e dados do equipamento,Fixo condicionado,android/app/src/main/kotlin/io/veloo/app/kotlin/ui/component/LocalDeviceSection.kt
370,Detalhes técnicos,Equipamento local · Dados,Rótulo,Uptime,Tempo ligado,Ajustar,Média,Clareza e objetividade,Conforme capabilities e dados do equipamento,Fixo condicionado,android/app/src/main/kotlin/io/veloo/app/kotlin/ui/component/LocalDeviceSection.kt
371,Detalhes técnicos,Equipamento local · Dados,Seção/rótulo,Wi-Fi,Wi-Fi,Manter,Baixa,Clareza e objetividade,Conforme capabilities e dados do equipamento,Fixo condicionado,android/app/src/main/kotlin/io/veloo/app/kotlin/ui/component/LocalDeviceSection.kt
372,Detalhes técnicos,Equipamento local · Dados,Trecho variável,canal {número},canal {número},Manter,Baixa,Clareza e objetividade,Conforme capabilities e dados do equipamento,Template variável,android/app/src/main/kotlin/io/veloo/app/kotlin/ui/component/LocalDeviceSection.kt
373,Detalhes técnicos,Equipamento local · Dados,Trecho,desligado,desligado,Manter,Baixa,Clareza e objetividade,Conforme capabilities e dados do equipamento,Fixo condicionado,android/app/src/main/kotlin/io/veloo/app/kotlin/ui/component/LocalDeviceSection.kt
374,Detalhes técnicos,Equipamento local · Dados,Segurança,Sem senha,Sem senha,Manter,Baixa,Clareza e objetividade,Conforme capabilities e dados do equipamento,Fixo condicionado,android/app/src/main/kotlin/io/veloo/app/kotlin/ui/component/LocalDeviceSection.kt
375,Detalhes técnicos,Equipamento local · Dados,Segurança,WEP,WEP,Manter,Baixa,Clareza e objetividade,Conforme capabilities e dados do equipamento,Fixo condicionado,android/app/src/main/kotlin/io/veloo/app/kotlin/ui/component/LocalDeviceSection.kt
376,Detalhes técnicos,Equipamento local · Dados,Segurança,WPA,WPA,Manter,Baixa,Clareza e objetividade,Conforme capabilities e dados do equipamento,Fixo condicionado,android/app/src/main/kotlin/io/veloo/app/kotlin/ui/component/LocalDeviceSection.kt
377,Detalhes técnicos,Equipamento local · Dados,Segurança,WPA2,WPA2,Manter,Baixa,Clareza e objetividade,Conforme capabilities e dados do equipamento,Fixo condicionado,android/app/src/main/kotlin/io/veloo/app/kotlin/ui/component/LocalDeviceSection.kt
378,Detalhes técnicos,Equipamento local · Dados,Segurança,WPA3,WPA3,Manter,Baixa,Clareza e objetividade,Conforme capabilities e dados do equipamento,Fixo condicionado,android/app/src/main/kotlin/io/veloo/app/kotlin/ui/component/LocalDeviceSection.kt
379,Detalhes técnicos,Equipamento local · Dados,Segurança,Segurança não identificada,Não consegui identificar a segurança,Ajustar,Média,Clareza e objetividade,Conforme capabilities e dados do equipamento,Fixo condicionado,android/app/src/main/kotlin/io/veloo/app/kotlin/ui/component/LocalDeviceSection.kt
380,Detalhes técnicos,Equipamento local · Dados,Configuração,Potência alta,Sinal forte,Ajustar,Média,Clareza e objetividade,Conforme capabilities e dados do equipamento,Fixo condicionado,android/app/src/main/kotlin/io/veloo/app/kotlin/ui/component/LocalDeviceSection.kt
381,Detalhes técnicos,Equipamento local · Dados,Configuração,Potência média,Sinal médio,Ajustar,Média,Clareza e objetividade,Conforme capabilities e dados do equipamento,Fixo condicionado,android/app/src/main/kotlin/io/veloo/app/kotlin/ui/component/LocalDeviceSection.kt
382,Detalhes técnicos,Equipamento local · Dados,Configuração,Potência baixa,Sinal fraco,Ajustar,Média,Clareza e objetividade,Conforme capabilities e dados do equipamento,Fixo condicionado,android/app/src/main/kotlin/io/veloo/app/kotlin/ui/component/LocalDeviceSection.kt
383,Detalhes técnicos,Equipamento local · Dados,Configuração,Potência: {percentual}% do máximo,Potência: {percentual}% do máximo,Manter,Baixa,Clareza e objetividade,Conforme capabilities e dados do equipamento,Template variável,android/app/src/main/kotlin/io/veloo/app/kotlin/ui/component/LocalDeviceSection.kt
384,Detalhes técnicos,Equipamento local · Dados,Configuração,Potência: {valor} dBm,Potência: {valor} dBm,Manter,Baixa,Clareza e objetividade,Conforme capabilities e dados do equipamento,Template variável,android/app/src/main/kotlin/io/veloo/app/kotlin/ui/component/LocalDeviceSection.kt
385,Detalhes técnicos,Equipamento local · Dados,Configuração,Potência: {valor bruto},Potência: {valor bruto},Manter,Baixa,Clareza e objetividade,Conforme capabilities e dados do equipamento,Template variável,android/app/src/main/kotlin/io/veloo/app/kotlin/ui/component/LocalDeviceSection.kt
386,Detalhes técnicos,Equipamento local · Dados,Seção/rótulo,Dispositivos conectados,Dispositivos conectados,Manter,Baixa,Clareza e objetividade,Conforme capabilities e dados do equipamento,Fixo condicionado,android/app/src/main/kotlin/io/veloo/app/kotlin/ui/component/LocalDeviceSection.kt
387,Detalhes técnicos,Equipamento local · Dados,Contagem,1 dispositivo conectado,1 dispositivo conectado,Manter,Baixa,Clareza e objetividade,Conforme capabilities e dados do equipamento,Fixo condicionado,android/app/src/main/kotlin/io/veloo/app/kotlin/ui/component/LocalDeviceSection.kt
388,Detalhes técnicos,Equipamento local · Dados,Contagem,{quantidade} dispositivos conectados,{quantidade} dispositivos conectados,Manter,Baixa,Clareza e objetividade,Conforme capabilities e dados do equipamento,Template variável,android/app/src/main/kotlin/io/veloo/app/kotlin/ui/component/LocalDeviceSection.kt
389,Detalhes técnicos,Equipamento local · Dados,Contagem,+ {quantidade} outros dispositivos,+ {quantidade} outros dispositivos,Manter,Baixa,Clareza e objetividade,Conforme capabilities e dados do equipamento,Template variável,android/app/src/main/kotlin/io/veloo/app/kotlin/ui/component/LocalDeviceSection.kt
390,Detalhes técnicos,Equipamento local · Dados,Fallback,Dispositivo sem nome,Dispositivo sem nome,Manter,Baixa,Clareza e objetividade,Conforme capabilities e dados do equipamento,Fixo condicionado,android/app/src/main/kotlin/io/veloo/app/kotlin/ui/component/LocalDeviceSection.kt
391,Detalhes técnicos,Equipamento local · Dados,Tipo de conexão,"Wi-Fi 2,4 GHz","Wi-Fi 2,4 GHz",Manter,Baixa,Clareza e objetividade,Conforme capabilities e dados do equipamento,Fixo condicionado,android/app/src/main/kotlin/io/veloo/app/kotlin/ui/component/LocalDeviceSection.kt
392,Detalhes técnicos,Equipamento local · Dados,Tipo de conexão,Wi-Fi 5 GHz,Wi-Fi 5 GHz,Manter,Baixa,Clareza e objetividade,Conforme capabilities e dados do equipamento,Fixo condicionado,android/app/src/main/kotlin/io/veloo/app/kotlin/ui/component/LocalDeviceSection.kt
393,Detalhes técnicos,Equipamento local · Dados,Tipo de conexão,Wi-Fi 6 GHz,Wi-Fi 6 GHz,Manter,Baixa,Clareza e objetividade,Conforme capabilities e dados do equipamento,Fixo condicionado,android/app/src/main/kotlin/io/veloo/app/kotlin/ui/component/LocalDeviceSection.kt
394,Detalhes técnicos,Equipamento local · Dados,Tipo de conexão,Cabo (Ethernet),Cabo (Ethernet),Manter,Baixa,Clareza e objetividade,Conforme capabilities e dados do equipamento,Fixo condicionado,android/app/src/main/kotlin/io/veloo/app/kotlin/ui/component/LocalDeviceSection.kt
395,Detalhes técnicos,Equipamento local · Dados,Seção/rótulo,Rede local (LAN),Rede dentro de casa,Ajustar,Média,Simplificar termo técnico,Conforme capabilities e dados do equipamento,Fixo condicionado,android/app/src/main/kotlin/io/veloo/app/kotlin/ui/component/LocalDeviceSection.kt
396,Detalhes técnicos,Equipamento local · Dados,Rótulo,IP do roteador,Endereço do roteador,Ajustar,Média,Clareza e objetividade,Conforme capabilities e dados do equipamento,Fixo condicionado,android/app/src/main/kotlin/io/veloo/app/kotlin/ui/component/LocalDeviceSection.kt
397,Detalhes técnicos,Equipamento local · Dados,Rótulo,Máscara de sub-rede,Configuração da rede,Ajustar,Média,Clareza e objetividade,Conforme capabilities e dados do equipamento,Fixo condicionado,android/app/src/main/kotlin/io/veloo/app/kotlin/ui/component/LocalDeviceSection.kt
398,Detalhes técnicos,Equipamento local · Dados,Rótulo,DHCP,Distribuição automática de endereços,Ajustar,Média,Simplificar termo técnico,Conforme capabilities e dados do equipamento,Fixo condicionado,android/app/src/main/kotlin/io/veloo/app/kotlin/ui/component/LocalDeviceSection.kt
399,Detalhes técnicos,Equipamento local · Dados,Valor,Desligado,Desligado,Manter,Baixa,Clareza e objetividade,Conforme capabilities e dados do equipamento,Fixo condicionado,android/app/src/main/kotlin/io/veloo/app/kotlin/ui/component/LocalDeviceSection.kt
400,Detalhes técnicos,Equipamento local · Dados,Rótulo,Faixa de DHCP,Faixa de endereços dos aparelhos,Ajustar,Média,Simplificar termo técnico,Conforme capabilities e dados do equipamento,Fixo condicionado,android/app/src/main/kotlin/io/veloo/app/kotlin/ui/component/LocalDeviceSection.kt
401,Detalhes técnicos,Equipamento local · Dados,Seção/rótulo,Diagnóstico do fabricante,Análise do fabricante,Ajustar,Média,Clareza e objetividade,Conforme capabilities e dados do equipamento,Fixo condicionado,android/app/src/main/kotlin/io/veloo/app/kotlin/ui/component/LocalDeviceSection.kt
402,Detalhes técnicos,Equipamento local · Dados,Valor,Disponível,Disponível,Manter,Baixa,Clareza e objetividade,Conforme capabilities e dados do equipamento,Fixo condicionado,android/app/src/main/kotlin/io/veloo/app/kotlin/ui/component/LocalDeviceSection.kt
403,Detalhes técnicos,Equipamento local · Motor de fibra,Título,Fibra Desconectada,A fibra está sem sinal,Ajustar,Média,Clareza e objetividade,Link down,Fixo condicionado,android/core/diagnostico/src/main/kotlin/io/signallq/app/core/diagnostico/FibraSignalQualityEngine.kt
404,Detalhes técnicos,Equipamento local · Motor de fibra,Mensagem,A conexão de fibra óptica está inativa. Sem sinal da OLT da operadora.,A conexão de fibra óptica está inativa. Sem sinal do equipamento da operadora.,Ajustar,Alta,Simplificar termo técnico,Link down,Template variável,android/core/diagnostico/src/main/kotlin/io/signallq/app/core/diagnostico/FibraSignalQualityEngine.kt
405,Detalhes técnicos,Equipamento local · Motor de fibra,Recomendação,"Verifique se o cabo de fibra está bem conectado na ONT. Se o problema persistir, contate o provedor.","Verifique se o cabo de fibra está bem conectado no modem de fibra. Se o problema persistir, contate a operadora.",Ajustar,Média,Simplificar termo técnico,Link down,Fixo condicionado,android/core/diagnostico/src/main/kotlin/io/signallq/app/core/diagnostico/FibraSignalQualityEngine.kt
406,Detalhes técnicos,Equipamento local · Motor de fibra,Título,Sinal de Recepção Ruim,O sinal recebido da fibra está muito fraco,Ajustar,Média,Clareza e objetividade,RX ruim,Fixo condicionado,android/core/diagnostico/src/main/kotlin/io/signallq/app/core/diagnostico/FibraSignalQualityEngine.kt
407,Detalhes técnicos,Equipamento local · Motor de fibra,Mensagem,O sinal de recepção da fibra está muito fraco ({RX} dBm). Abaixo de -27 dBm o link pode cair.,O sinal de recepção da fibra está muito fraco ({RX} dBm). Abaixo de -27 dBm o link pode cair.,Manter,Baixa,Preservar incerteza,RX ruim,Template variável,android/core/diagnostico/src/main/kotlin/io/signallq/app/core/diagnostico/FibraSignalQualityEngine.kt
408,Detalhes técnicos,Equipamento local · Motor de fibra,Recomendação,Verifique se o cabo de fibra está dobrado ou danificado. Contate o provedor para verificar a potência na OLT.,Verifique se o cabo de fibra está dobrado ou danificado. Contate a operadora para verificar a potência no equipamento da operadora.,Ajustar,Alta,Simplificar termo técnico,RX ruim,Fixo condicionado,android/core/diagnostico/src/main/kotlin/io/signallq/app/core/diagnostico/FibraSignalQualityEngine.kt
409,Detalhes técnicos,Equipamento local · Motor de fibra,Título,Sinal de Recepção Fraco,O sinal recebido da fibra está fraco,Ajustar,Média,Clareza e objetividade,RX regular,Fixo condicionado,android/core/diagnostico/src/main/kotlin/io/signallq/app/core/diagnostico/FibraSignalQualityEngine.kt
410,Detalhes técnicos,Equipamento local · Motor de fibra,Mensagem,O sinal de recepção da fibra está abaixo do ideal ({RX} dBm). Pode indicar desgaste ou dobra no cabo.,O sinal de recepção da fibra está abaixo do ideal ({RX} dBm). Pode indicar desgaste ou dobra no cabo.,Manter,Média,Preservar incerteza,RX regular,Template variável,android/core/diagnostico/src/main/kotlin/io/signallq/app/core/diagnostico/FibraSignalQualityEngine.kt
411,Detalhes técnicos,Equipamento local · Motor de fibra,Recomendação,Informe o valor ao provedor em caso de instabilidade recorrente.,Informe o valor ao operadora em caso de instabilidade recorrente.,Ajustar,Média,Clareza e objetividade,RX regular,Fixo condicionado,android/core/diagnostico/src/main/kotlin/io/signallq/app/core/diagnostico/FibraSignalQualityEngine.kt
412,Detalhes técnicos,Equipamento local · Motor de fibra,Título,Sinal de Recepção Bom,O sinal recebido da fibra está bom,Ajustar,Média,Clareza e objetividade,RX bom,Fixo condicionado,android/core/diagnostico/src/main/kotlin/io/signallq/app/core/diagnostico/FibraSignalQualityEngine.kt
413,Detalhes técnicos,Equipamento local · Motor de fibra,Mensagem,O sinal de recepção da fibra está dentro da faixa ideal ({RX} dBm).,O sinal de recepção da fibra está dentro da faixa ideal ({RX} dBm).,Manter,Baixa,Dar certeza quando há dado,RX bom,Template variável,android/core/diagnostico/src/main/kotlin/io/signallq/app/core/diagnostico/FibraSignalQualityEngine.kt
414,Detalhes técnicos,Equipamento local · Motor de fibra,Título,Potência de Transmissão Ruim,O sinal enviado pela fibra está muito fraco,Ajustar,Média,Clareza e objetividade,TX ruim,Fixo condicionado,android/core/diagnostico/src/main/kotlin/io/signallq/app/core/diagnostico/FibraSignalQualityEngine.kt
415,Detalhes técnicos,Equipamento local · Motor de fibra,Mensagem,A potência de transmissão do laser da ONT está muito baixa ({TX} dBm). O equipamento pode estar com defeito.,A potência de transmissão do laser do modem de fibra está muito baixa ({TX} dBm). O equipamento pode estar com defeito.,Ajustar,Média,Simplificar termo técnico; Preservar incerteza,TX ruim,Template variável,android/core/diagnostico/src/main/kotlin/io/signallq/app/core/diagnostico/FibraSignalQualityEngine.kt
416,Detalhes técnicos,Equipamento local · Motor de fibra,Recomendação,"Reinicie a ONT. Se o problema persistir, o equipamento pode precisar de substituição pelo provedor.","Reinicie o modem de fibra. Se o problema persistir, o equipamento pode precisar de substituição pela operadora.",Ajustar,Média,Simplificar termo técnico; Preservar incerteza,TX ruim,Fixo condicionado,android/core/diagnostico/src/main/kotlin/io/signallq/app/core/diagnostico/FibraSignalQualityEngine.kt
417,Detalhes técnicos,Equipamento local · Motor de fibra,Título,Potência de Transmissão Baixa,O sinal enviado pela fibra está fraco,Ajustar,Média,Clareza e objetividade,TX regular,Fixo condicionado,android/core/diagnostico/src/main/kotlin/io/signallq/app/core/diagnostico/FibraSignalQualityEngine.kt
418,Detalhes técnicos,Equipamento local · Motor de fibra,Mensagem,A potência de transmissão está abaixo do ideal ({TX} dBm). Pode indicar desgaste do laser.,A potência de transmissão está abaixo do ideal ({TX} dBm). Pode indicar desgaste do laser.,Manter,Baixa,Preservar incerteza,TX regular,Template variável,android/core/diagnostico/src/main/kotlin/io/signallq/app/core/diagnostico/FibraSignalQualityEngine.kt
419,Detalhes técnicos,Equipamento local · Motor de fibra,Recomendação,"Monitore. Se houver quedas frequentes, solicite visita técnica ao provedor.","Monitore. Se houver quedas frequentes, solicite visita técnica ao operadora.",Ajustar,Média,Clareza e objetividade,TX regular,Fixo condicionado,android/core/diagnostico/src/main/kotlin/io/signallq/app/core/diagnostico/FibraSignalQualityEngine.kt
420,Detalhes técnicos,Equipamento local · Motor de fibra,Título,Potência de Transmissão Alta,O sinal enviado pela fibra está acima do esperado,Ajustar,Média,Clareza e objetividade,TX alta,Fixo condicionado,android/core/diagnostico/src/main/kotlin/io/signallq/app/core/diagnostico/FibraSignalQualityEngine.kt
421,Detalhes técnicos,Equipamento local · Motor de fibra,Mensagem,A potência de transmissão está acima do esperado ({TX} dBm). Pode causar saturação no receptor da OLT.,A potência de transmissão está acima do esperado ({TX} dBm). Pode causar saturação no receptor do equipamento da operadora.,Ajustar,Alta,Simplificar termo técnico; Preservar incerteza,TX alta,Template variável,android/core/diagnostico/src/main/kotlin/io/signallq/app/core/diagnostico/FibraSignalQualityEngine.kt
422,Detalhes técnicos,Equipamento local · Motor de fibra,Recomendação,Informe o provedor para verificação da configuração da OLT.,Informe a operadora para verificação da configuração do equipamento da operadora.,Ajustar,Alta,Simplificar termo técnico,TX alta,Fixo condicionado,android/core/diagnostico/src/main/kotlin/io/signallq/app/core/diagnostico/FibraSignalQualityEngine.kt
423,Detalhes técnicos,Equipamento local · Motor de fibra,Título,Potência de Transmissão Boa,O sinal enviado pela fibra está bom,Ajustar,Média,Clareza e objetividade,TX boa,Fixo condicionado,android/core/diagnostico/src/main/kotlin/io/signallq/app/core/diagnostico/FibraSignalQualityEngine.kt
424,Detalhes técnicos,Equipamento local · Motor de fibra,Mensagem,A potência de transmissão da ONT está na faixa ideal ({TX} dBm).,A potência de transmissão do modem de fibra está na faixa ideal ({TX} dBm).,Ajustar,Média,Simplificar termo técnico,TX boa,Template variável,android/core/diagnostico/src/main/kotlin/io/signallq/app/core/diagnostico/FibraSignalQualityEngine.kt
425,Detalhes técnicos,Equipamento local · Motor de fibra,Título,Temperatura Crítica da ONT,O modem de fibra está muito quente,Ajustar,Média,Simplificar termo técnico,Temperatura crítica,Fixo condicionado,android/core/diagnostico/src/main/kotlin/io/signallq/app/core/diagnostico/FibraSignalQualityEngine.kt
426,Detalhes técnicos,Equipamento local · Motor de fibra,Mensagem,A ONT está com temperatura muito alta ({temperatura} °C). Risco de desligamento por proteção térmica.,O modem de fibra está com temperatura muito alta ({temperatura} °C). Risco de desligamento por proteção térmica.,Ajustar,Média,Simplificar termo técnico,Temperatura crítica,Template variável,android/core/diagnostico/src/main/kotlin/io/signallq/app/core/diagnostico/FibraSignalQualityEngine.kt
427,Detalhes técnicos,Equipamento local · Motor de fibra,Recomendação,Melhore a ventilação ao redor da ONT. Certifique-se de que não está coberta ou próxima a fontes de calor.,Melhore a ventilação ao redor do modem de fibra. Certifique-se de que ele não está coberto ou próximo a fontes de calor.,Ajustar,Média,Simplificar termo técnico,Temperatura crítica,Fixo condicionado,android/core/diagnostico/src/main/kotlin/io/signallq/app/core/diagnostico/FibraSignalQualityEngine.kt
428,Detalhes técnicos,Equipamento local · Motor de fibra,Título,Temperatura Elevada da ONT,O modem de fibra está quente,Ajustar,Média,Simplificar termo técnico,Temperatura elevada,Fixo condicionado,android/core/diagnostico/src/main/kotlin/io/signallq/app/core/diagnostico/FibraSignalQualityEngine.kt
429,Detalhes técnicos,Equipamento local · Motor de fibra,Mensagem,A ONT está aquecida ({temperatura} °C). Temperaturas acima de 65 °C reduzem a vida útil do equipamento.,O modem de fibra está aquecido ({temperatura} °C). Temperaturas acima de 65 °C reduzem a vida útil do equipamento.,Ajustar,Média,Simplificar termo técnico,Temperatura elevada,Template variável,android/core/diagnostico/src/main/kotlin/io/signallq/app/core/diagnostico/FibraSignalQualityEngine.kt
430,Detalhes técnicos,Equipamento local · Motor de fibra,Recomendação,Verifique se há ventilação adequada ao redor da ONT.,Verifique se há ventilação adequada ao redor do modem de fibra.,Ajustar,Média,Simplificar termo técnico,Temperatura elevada,Fixo condicionado,android/core/diagnostico/src/main/kotlin/io/signallq/app/core/diagnostico/FibraSignalQualityEngine.kt
431,Detalhes técnicos,Equipamento local · Motor de fibra,Título,Temperatura Normal da ONT,A temperatura do modem de fibra está normal,Ajustar,Média,Simplificar termo técnico,Temperatura normal,Fixo condicionado,android/core/diagnostico/src/main/kotlin/io/signallq/app/core/diagnostico/FibraSignalQualityEngine.kt
432,Detalhes técnicos,Equipamento local · Motor de fibra,Mensagem,A temperatura da ONT está normal ({temperatura} °C).,A temperatura do modem de fibra está normal ({temperatura} °C).,Ajustar,Média,Simplificar termo técnico,Temperatura normal,Template variável,android/core/diagnostico/src/main/kotlin/io/signallq/app/core/diagnostico/FibraSignalQualityEngine.kt
433,Modo gamer,Cabeçalho,Título,Modo gamer,Analisar jogos online,Ajustar,Média,Clareza e objetividade,Seleção/configuração,Fixo condicionado,android/app/src/main/kotlin/io/veloo/app/kotlin/ui/screen/ModoGamerScreen.kt
434,Modo gamer,Cabeçalho,Título,Diagnóstico do jogo,Resultado para o jogo,Ajustar,Média,Clareza e objetividade,Resultado,Fixo condicionado,android/app/src/main/kotlin/io/veloo/app/kotlin/ui/screen/ModoGamerScreen.kt
435,Modo gamer,Cabeçalho,Acessibilidade,Voltar,Voltar,Manter,Baixa,Clareza e objetividade,Sempre,Fixo condicionado,android/app/src/main/kotlin/io/veloo/app/kotlin/ui/screen/ModoGamerScreen.kt
436,Modo gamer,Seleção de jogo,Título,Escolha o jogo,Qual jogo você quer analisar?,Ajustar,Média,Clareza e objetividade,Sempre,Fixo condicionado,android/app/src/main/kotlin/io/veloo/app/kotlin/ui/screen/ModoGamerScreen.kt
437,Modo gamer,Seleção de jogo,Placeholder,Buscar jogo…,Buscar um jogo…,Ajustar,Média,Clareza e objetividade,Sempre,Fixo condicionado,android/app/src/main/kotlin/io/veloo/app/kotlin/ui/screen/ModoGamerScreen.kt
438,Modo gamer,Seleção de jogo,Opção,Outro jogo,Meu jogo não está na lista,Ajustar,Média,Clareza e objetividade,Sempre,Fixo condicionado,android/app/src/main/kotlin/io/veloo/app/kotlin/ui/screen/ModoGamerScreen.kt
439,Modo gamer,Seleção de jogo,Descrição,Escolha a categoria mais parecida,Escolha o tipo de jogo mais parecido,Ajustar,Média,Clareza e objetividade,Opção Outro jogo,Fixo condicionado,android/app/src/main/kotlin/io/veloo/app/kotlin/ui/screen/ModoGamerScreen.kt
440,Modo gamer,Seleção de categoria,Instrução,Seu jogo não está na lista? Escolha a categoria mais parecida — o resultado usa o perfil de referência dela.,Seu jogo não está na lista? Escolha a categoria mais parecida. O resultado usa o perfil de referência dela.,Ajustar,Média,Clareza e objetividade,Fallback,Fixo condicionado,android/app/src/main/kotlin/io/veloo/app/kotlin/ui/screen/ModoGamerScreen.kt
441,Modo gamer,Seleção de aparelho,Pergunta,Em qual aparelho você joga {jogo}?,Em qual aparelho você joga {jogo}?,Manter,Baixa,Clareza e objetividade,Após escolher jogo,Template variável,android/app/src/main/kotlin/io/veloo/app/kotlin/ui/screen/ModoGamerScreen.kt
442,Modo gamer,Configuração,Seção,Como quer usar essa combinação?,Quer salvar esta escolha?,Ajustar,Média,Clareza e objetividade,Sempre,Fixo condicionado,android/app/src/main/kotlin/io/veloo/app/kotlin/ui/screen/ModoGamerConfigResultadoSection.kt
443,Modo gamer,Configuração,Opção,Salvar como padrão,Salvar para os próximos testes,Ajustar,Média,Clareza e objetividade,Sempre,Fixo condicionado,android/app/src/main/kotlin/io/veloo/app/kotlin/ui/screen/ModoGamerConfigResultadoSection.kt
444,Modo gamer,Configuração,Descrição,"Próxima vez, o Modo gamer já abre direto com {jogo} + {aparelho}","Próxima vez, o Modo gamer já abre direto com {jogo} + {aparelho}",Manter,Baixa,Clareza e objetividade,Salvar como padrão,Template variável,android/app/src/main/kotlin/io/veloo/app/kotlin/ui/screen/ModoGamerConfigResultadoSection.kt
445,Modo gamer,Configuração,Opção,Usar só desta vez,Usar apenas agora,Ajustar,Média,Clareza e objetividade,Sempre,Fixo condicionado,android/app/src/main/kotlin/io/veloo/app/kotlin/ui/screen/ModoGamerConfigResultadoSection.kt
446,Modo gamer,Configuração,Descrição,Não muda o padrão do Modo gamer,Sua escolha salva não será alterada.,Ajustar,Média,Clareza e objetividade,Usar só desta vez,Fixo condicionado,android/app/src/main/kotlin/io/veloo/app/kotlin/ui/screen/ModoGamerConfigResultadoSection.kt
447,Modo gamer,Configuração,Seção,Refinar com uma medição dedicada (opcional),Fazer uma medição extra (opcional),Ajustar,Média,Clareza e objetividade,Sempre,Fixo condicionado,android/app/src/main/kotlin/io/veloo/app/kotlin/ui/screen/ModoGamerConfigResultadoSection.kt
448,Modo gamer,Configuração,CTA,Ver diagnóstico,Ver diagnóstico,Manter,Baixa,Clareza e objetividade,Sempre,Fixo condicionado,android/app/src/main/kotlin/io/veloo/app/kotlin/ui/screen/ModoGamerConfigResultadoSection.kt
449,Modo gamer,Ping dedicado,Título,Medir ping específico agora,Medir o tempo de resposta agora,Ajustar,Média,Clareza e objetividade,Sempre,Fixo condicionado,android/app/src/main/kotlin/io/veloo/app/kotlin/ui/screen/ModoGamerConfigResultadoSection.kt
450,Modo gamer,Ping dedicado,Descrição,Leva alguns segundos — refina a latência com uma sonda dedicada,Leva alguns segundos e deixa a análise mais precisa.,Ajustar,Média,Simplificar termo técnico,Estado ocioso,Fixo condicionado,android/app/src/main/kotlin/io/veloo/app/kotlin/ui/screen/ModoGamerConfigResultadoSection.kt
451,Modo gamer,Ping dedicado,Estado,Medindo…,Medindo…,Manter,Baixa,Clareza e objetividade,Medição em curso,Fixo condicionado,android/app/src/main/kotlin/io/veloo/app/kotlin/ui/screen/ModoGamerConfigResultadoSection.kt
452,Modo gamer,Ping dedicado,Resultado,Ping medido: {valor} ms,Ping medido: {valor} ms,Manter,Baixa,Clareza e objetividade,Medição concluída,Template variável,android/app/src/main/kotlin/io/veloo/app/kotlin/ui/screen/ModoGamerConfigResultadoSection.kt
453,Modo gamer,Ping dedicado,Erro,Não foi possível medir agora — o resultado usa a medição já coletada,Não consegui fazer a medição extra. Vou usar os dados já coletados.,Ajustar,Média,Preservar incerteza,Falha,Fixo condicionado,android/app/src/main/kotlin/io/veloo/app/kotlin/ui/screen/ModoGamerConfigResultadoSection.kt
454,Modo gamer,Ping dedicado,CTA,Medir,Medir,Manter,Baixa,Clareza e objetividade,Sem medição concluída,Fixo condicionado,android/app/src/main/kotlin/io/veloo/app/kotlin/ui/screen/ModoGamerConfigResultadoSection.kt
455,Modo gamer,Ping dedicado,CTA,Medir de novo,Medir novamente,Ajustar,Média,Clareza e objetividade,Medição concluída,Fixo condicionado,android/app/src/main/kotlin/io/veloo/app/kotlin/ui/screen/ModoGamerConfigResultadoSection.kt
456,Modo gamer,Resultado,Aviso,Este jogo não está no catálogo — usando o perfil de referência de {categoria}.,Este jogo não está no catálogo. Estou usando o perfil de referência de {categoria}.,Ajustar,Média,Clareza e objetividade,Jogo fora do catálogo,Template variável,android/app/src/main/kotlin/io/veloo/app/kotlin/ui/screen/ModoGamerConfigResultadoSection.kt
457,Modo gamer,Resultado,Estado,Salvo como padrão do Modo gamer ({jogo} + {aparelho}),Salvo como padrão do Modo gamer ({jogo} + {aparelho}),Manter,Baixa,Clareza e objetividade,Salvo como padrão,Template variável,android/app/src/main/kotlin/io/veloo/app/kotlin/ui/screen/ModoGamerConfigResultadoSection.kt
458,Modo gamer,Resultado,Estado,Usado só desta vez — o padrão do Modo gamer não mudou,Usado só desta vez. O padrão do Modo gamer não mudou.,Ajustar,Média,Clareza e objetividade,Uso único,Fixo condicionado,android/app/src/main/kotlin/io/veloo/app/kotlin/ui/screen/ModoGamerConfigResultadoSection.kt
459,Modo gamer,Resultado,CTA,Trocar jogo ou aparelho,Escolher outro jogo ou aparelho,Ajustar,Média,Clareza e objetividade,Sempre,Fixo condicionado,android/app/src/main/kotlin/io/veloo/app/kotlin/ui/screen/ModoGamerConfigResultadoSection.kt
460,Modo gamer,Resultado,CTA,Ir para o início,Voltar ao início,Ajustar,Média,Clareza e objetividade,Sempre,Fixo condicionado,android/app/src/main/kotlin/io/veloo/app/kotlin/ui/screen/ModoGamerConfigResultadoSection.kt
461,Modo gamer,Resultado,Rótulo,Conexão para jogos peer-to-peer (NAT UDP): {estado},Conexão direta com outros jogadores: {estado},Ajustar,Alta,Simplificar termo técnico,Medição NAT executada,Template variável,android/app/src/main/kotlin/io/veloo/app/kotlin/ui/screen/ModoGamerConfigResultadoSection.kt
462,Modo gamer,Resultado · NAT UDP,Estado,Aberta,Boa,Ajustar,Média,Clareza e objetividade,Conforme sondagem NAT,Fixo condicionado,android/app/src/main/kotlin/io/veloo/app/kotlin/ui/screen/ModoGamerConfigResultadoSection.kt
463,Modo gamer,Resultado · NAT UDP,Estado,Moderada,Pode apresentar limitações,Ajustar,Média,Clareza e objetividade,Conforme sondagem NAT,Fixo condicionado,android/app/src/main/kotlin/io/veloo/app/kotlin/ui/screen/ModoGamerConfigResultadoSection.kt
464,Modo gamer,Resultado · NAT UDP,Estado,Restrita,Limitada,Ajustar,Média,Clareza e objetividade,Conforme sondagem NAT,Fixo condicionado,android/app/src/main/kotlin/io/veloo/app/kotlin/ui/screen/ModoGamerConfigResultadoSection.kt
465,Modo gamer,Resultado · NAT UDP,Estado,Bloqueada,Bloqueada,Manter,Baixa,Clareza e objetividade,Conforme sondagem NAT,Fixo condicionado,android/app/src/main/kotlin/io/veloo/app/kotlin/ui/screen/ModoGamerConfigResultadoSection.kt
466,Modo gamer,Resultado · NAT UDP,Estado,Não verificada,Não foi possível verificar,Ajustar,Média,Clareza e objetividade,Conforme sondagem NAT,Fixo condicionado,android/app/src/main/kotlin/io/veloo/app/kotlin/ui/screen/ModoGamerConfigResultadoSection.kt
467,Modo gamer,Catálogo,Categoria,FPS competitivo,Jogo de tiro competitivo,Ajustar,Média,Clareza e objetividade,Lista/fallback de categorias,Fixo,android/core/diagnostico/src/main/kotlin/io/signallq/app/core/diagnostico/ModoGamerEngine.kt
468,Modo gamer,Catálogo,Categoria,Battle royale,Battle royale,Manter,Baixa,Clareza e objetividade,Lista/fallback de categorias,Fixo,android/core/diagnostico/src/main/kotlin/io/signallq/app/core/diagnostico/ModoGamerEngine.kt
469,Modo gamer,Catálogo,Categoria,MOBA,Jogo de estratégia em equipe,Ajustar,Média,Clareza e objetividade,Lista/fallback de categorias,Fixo,android/core/diagnostico/src/main/kotlin/io/signallq/app/core/diagnostico/ModoGamerEngine.kt
470,Modo gamer,Catálogo,Categoria,Jogo casual ou mobile,Jogo casual ou para celular,Ajustar,Média,Clareza e objetividade,Lista/fallback de categorias,Fixo,android/core/diagnostico/src/main/kotlin/io/signallq/app/core/diagnostico/ModoGamerEngine.kt
471,Modo gamer,Catálogo,Categoria,Streaming em nuvem (cloud gaming),Jogo por streaming,Ajustar,Média,Clareza e objetividade,Lista/fallback de categorias,Fixo,android/core/diagnostico/src/main/kotlin/io/signallq/app/core/diagnostico/ModoGamerEngine.kt
472,Modo gamer,Catálogo,Categoria,Outro tipo de jogo,Outro tipo de jogo,Manter,Baixa,Clareza e objetividade,Lista/fallback de categorias,Fixo,android/core/diagnostico/src/main/kotlin/io/signallq/app/core/diagnostico/ModoGamerEngine.kt
473,Modo gamer,Catálogo,Aparelho,PS5 / PS4,PS5 / PS4,Manter,Baixa,Clareza e objetividade,Lista de aparelhos,Fixo,android/core/diagnostico/src/main/kotlin/io/signallq/app/core/diagnostico/ModoGamerEngine.kt
474,Modo gamer,Catálogo,Aparelho,Xbox,Xbox,Manter,Baixa,Clareza e objetividade,Lista de aparelhos,Fixo,android/core/diagnostico/src/main/kotlin/io/signallq/app/core/diagnostico/ModoGamerEngine.kt
475,Modo gamer,Catálogo,Aparelho,PC,PC,Manter,Baixa,Clareza e objetividade,Lista de aparelhos,Fixo,android/core/diagnostico/src/main/kotlin/io/signallq/app/core/diagnostico/ModoGamerEngine.kt
476,Modo gamer,Catálogo,Aparelho,Android,Android,Manter,Baixa,Clareza e objetividade,Lista de aparelhos,Fixo,android/core/diagnostico/src/main/kotlin/io/signallq/app/core/diagnostico/ModoGamerEngine.kt
477,Modo gamer,Catálogo,Aparelho,iPhone,iPhone,Manter,Baixa,Clareza e objetividade,Lista de aparelhos,Fixo,android/core/diagnostico/src/main/kotlin/io/signallq/app/core/diagnostico/ModoGamerEngine.kt
478,Modo gamer,Catálogo,Aparelho,Switch,Switch,Manter,Baixa,Clareza e objetividade,Lista de aparelhos,Fixo,android/core/diagnostico/src/main/kotlin/io/signallq/app/core/diagnostico/ModoGamerEngine.kt
479,Modo gamer,Catálogo,Aparelho,TV / Cloud gaming,TV / Cloud gaming,Manter,Baixa,Clareza e objetividade,Lista de aparelhos,Fixo,android/core/diagnostico/src/main/kotlin/io/signallq/app/core/diagnostico/ModoGamerEngine.kt
480,Modo gamer,Catálogo,Jogo,Free Fire,Free Fire,Manter,Baixa,Clareza e objetividade,Lista de jogos,Dado de catálogo,android/core/diagnostico/src/main/kotlin/io/signallq/app/core/diagnostico/ModoGamerEngine.kt
481,Modo gamer,Catálogo,Jogo,Fortnite,Fortnite,Manter,Baixa,Clareza e objetividade,Lista de jogos,Dado de catálogo,android/core/diagnostico/src/main/kotlin/io/signallq/app/core/diagnostico/ModoGamerEngine.kt
482,Modo gamer,Catálogo,Jogo,Call of Duty: Warzone,Call of Duty: Warzone,Manter,Baixa,Clareza e objetividade,Lista de jogos,Dado de catálogo,android/core/diagnostico/src/main/kotlin/io/signallq/app/core/diagnostico/ModoGamerEngine.kt
483,Modo gamer,Catálogo,Jogo,Apex Legends,Apex Legends,Manter,Baixa,Clareza e objetividade,Lista de jogos,Dado de catálogo,android/core/diagnostico/src/main/kotlin/io/signallq/app/core/diagnostico/ModoGamerEngine.kt
484,Modo gamer,Catálogo,Jogo,PUBG: Battlegrounds,PUBG: Battlegrounds,Manter,Baixa,Clareza e objetividade,Lista de jogos,Dado de catálogo,android/core/diagnostico/src/main/kotlin/io/signallq/app/core/diagnostico/ModoGamerEngine.kt
485,Modo gamer,Catálogo,Jogo,Valorant,Valorant,Manter,Baixa,Clareza e objetividade,Lista de jogos,Dado de catálogo,android/core/diagnostico/src/main/kotlin/io/signallq/app/core/diagnostico/ModoGamerEngine.kt
486,Modo gamer,Catálogo,Jogo,Call of Duty Mobile,Call of Duty Mobile,Manter,Baixa,Clareza e objetividade,Lista de jogos,Dado de catálogo,android/core/diagnostico/src/main/kotlin/io/signallq/app/core/diagnostico/ModoGamerEngine.kt
487,Modo gamer,Catálogo,Jogo,EA FC,EA FC,Manter,Baixa,Clareza e objetividade,Lista de jogos,Dado de catálogo,android/core/diagnostico/src/main/kotlin/io/signallq/app/core/diagnostico/ModoGamerEngine.kt
488,Modo gamer,Catálogo,Jogo,Overwatch,Overwatch,Manter,Baixa,Clareza e objetividade,Lista de jogos,Dado de catálogo,android/core/diagnostico/src/main/kotlin/io/signallq/app/core/diagnostico/ModoGamerEngine.kt
489,Modo gamer,Catálogo,Jogo,Rainbow Six Siege,Rainbow Six Siege,Manter,Baixa,Clareza e objetividade,Lista de jogos,Dado de catálogo,android/core/diagnostico/src/main/kotlin/io/signallq/app/core/diagnostico/ModoGamerEngine.kt
490,Modo gamer,Catálogo,Jogo,Marvel Rivals,Marvel Rivals,Manter,Baixa,Clareza e objetividade,Lista de jogos,Dado de catálogo,android/core/diagnostico/src/main/kotlin/io/signallq/app/core/diagnostico/ModoGamerEngine.kt
491,Modo gamer,Catálogo,Jogo,THE FINALS,THE FINALS,Manter,Baixa,Clareza e objetividade,Lista de jogos,Dado de catálogo,android/core/diagnostico/src/main/kotlin/io/signallq/app/core/diagnostico/ModoGamerEngine.kt
492,Modo gamer,Catálogo,Jogo,Counter-Strike 2,Counter-Strike 2,Manter,Baixa,Clareza e objetividade,Lista de jogos,Dado de catálogo,android/core/diagnostico/src/main/kotlin/io/signallq/app/core/diagnostico/ModoGamerEngine.kt
493,Modo gamer,Catálogo,Jogo,Rocket League,Rocket League,Manter,Baixa,Clareza e objetividade,Lista de jogos,Dado de catálogo,android/core/diagnostico/src/main/kotlin/io/signallq/app/core/diagnostico/ModoGamerEngine.kt
494,Modo gamer,Catálogo,Jogo,League of Legends,League of Legends,Manter,Baixa,Clareza e objetividade,Lista de jogos,Dado de catálogo,android/core/diagnostico/src/main/kotlin/io/signallq/app/core/diagnostico/ModoGamerEngine.kt
495,Modo gamer,Catálogo,Jogo,Dota 2,Dota 2,Manter,Baixa,Clareza e objetividade,Lista de jogos,Dado de catálogo,android/core/diagnostico/src/main/kotlin/io/signallq/app/core/diagnostico/ModoGamerEngine.kt
496,Modo gamer,Catálogo,Jogo,Minecraft,Minecraft,Manter,Baixa,Clareza e objetividade,Lista de jogos,Dado de catálogo,android/core/diagnostico/src/main/kotlin/io/signallq/app/core/diagnostico/ModoGamerEngine.kt
497,Modo gamer,Catálogo,Jogo,Roblox,Roblox,Manter,Baixa,Clareza e objetividade,Lista de jogos,Dado de catálogo,android/core/diagnostico/src/main/kotlin/io/signallq/app/core/diagnostico/ModoGamerEngine.kt
498,Modo gamer,Catálogo,Jogo,Genshin Impact,Genshin Impact,Manter,Baixa,Clareza e objetividade,Lista de jogos,Dado de catálogo,android/core/diagnostico/src/main/kotlin/io/signallq/app/core/diagnostico/ModoGamerEngine.kt
499,Modo gamer,Catálogo,Jogo,Dead by Daylight,Dead by Daylight,Manter,Baixa,Clareza e objetividade,Lista de jogos,Dado de catálogo,android/core/diagnostico/src/main/kotlin/io/signallq/app/core/diagnostico/ModoGamerEngine.kt
500,Modo gamer,Catálogo,Jogo,Destiny 2,Destiny 2,Manter,Baixa,Clareza e objetividade,Lista de jogos,Dado de catálogo,android/core/diagnostico/src/main/kotlin/io/signallq/app/core/diagnostico/ModoGamerEngine.kt
501,Modo gamer,Resultado · Evidências,Rótulo/valor,"Medição de ping: Dedicada, agora ({valor} ms)",Tempo de resposta medido agora: {valor} ms,Ajustar,Média,Clareza e objetividade,Conforme categoria e dados,Template variável,android/core/diagnostico/src/main/kotlin/io/signallq/app/core/diagnostico/ModoGamerEngine.kt
502,Modo gamer,Resultado · Evidências,Rótulo/valor,Latência sob carga: {valor} ms,Tempo de resposta com a rede ocupada: {valor} ms,Ajustar,Média,Simplificar termo técnico,Conforme categoria e dados,Template variável,android/core/diagnostico/src/main/kotlin/io/signallq/app/core/diagnostico/ModoGamerEngine.kt
503,Modo gamer,Resultado · Evidências,Rótulo/valor,Jitter: {valor} ms,Variação do tempo de resposta: {valor} ms,Ajustar,Alta,Simplificar termo técnico,Conforme categoria e dados,Template variável,android/core/diagnostico/src/main/kotlin/io/signallq/app/core/diagnostico/ModoGamerEngine.kt
504,Modo gamer,Resultado · Evidências,Rótulo/valor,Perda estimada: {valor}%,Falhas estimadas na conexão: {valor}%,Ajustar,Média,Preservar incerteza,Conforme categoria e dados,Template variável,android/core/diagnostico/src/main/kotlin/io/signallq/app/core/diagnostico/ModoGamerEngine.kt
505,Modo gamer,Resultado · Evidências,Rótulo/valor,Download: {valor} Mbps,Download: {valor} Mbps,Manter,Baixa,Clareza e objetividade,Conforme categoria e dados,Template variável,android/core/diagnostico/src/main/kotlin/io/signallq/app/core/diagnostico/ModoGamerEngine.kt
506,Modo gamer,Resultado · Evidências,Rótulo/valor,Latência: {valor} ms,Tempo de resposta: {valor} ms,Ajustar,Média,Simplificar termo técnico,Conforme categoria e dados,Template variável,android/core/diagnostico/src/main/kotlin/io/signallq/app/core/diagnostico/ModoGamerEngine.kt
507,Modo gamer,Resultado · Evidências,Rótulo/valor,Atraso sob carga: {valor} ms,Lentidão com a rede ocupada: {valor} ms,Ajustar,Média,Clareza e objetividade,Conforme categoria e dados,Template variável,android/core/diagnostico/src/main/kotlin/io/signallq/app/core/diagnostico/ModoGamerEngine.kt
508,Modo gamer,Resultado · Evidências,Rótulo/valor,Conexão do teste: {aparelho},Aparelho analisado: {aparelho},Ajustar,Média,Clareza e objetividade,Conforme categoria e dados,Template variável,android/core/diagnostico/src/main/kotlin/io/signallq/app/core/diagnostico/ModoGamerEngine.kt
509,Modo gamer,Resultado · FPS competitivo,Mensagem OK,"Latência, jitter e perda dentro da faixa recomendada para FPS competitivo.","Tempo de resposta, variação do tempo de resposta e falhas na conexão dentro da faixa recomendada para FPS competitivo.",Ajustar,Alta,Simplificar termo técnico,Status agregado = OK,Fixo condicionado,android/core/diagnostico/src/main/kotlin/io/signallq/app/core/diagnostico/ModoGamerEngine.kt
510,Modo gamer,Resultado · FPS competitivo,Mensagem Atenção,Latência ou jitter no limite — pode haver atraso perceptível na mira/registro de tiros.,O tempo de resposta ou a variação do tempo de resposta estão no limite. Pode haver atraso perceptível na mira ou no registro de tiros.,Ajustar,Alta,Simplificar termo técnico; Preservar incerteza,Status agregado = Atenção,Fixo condicionado,android/core/diagnostico/src/main/kotlin/io/signallq/app/core/diagnostico/ModoGamerEngine.kt
511,Modo gamer,Resultado · FPS competitivo,Mensagem Crítico,Latência sob carga está prejudicando suas partidas — faixa crítica para FPS competitivo.,O tempo de resposta sob carga está prejudicando suas partidas. Faixa crítica para FPS competitivo.,Ajustar,Média,Simplificar termo técnico,Status agregado = Crítico,Fixo condicionado,android/core/diagnostico/src/main/kotlin/io/signallq/app/core/diagnostico/ModoGamerEngine.kt
512,Modo gamer,Resultado · FPS competitivo,Ação recomendada,Jogue com cabo de rede em vez de Wi-Fi,Jogue com cabo de rede em vez de Wi-Fi,Manter,Baixa,Clareza e objetividade,Status diferente de OK,Fixo condicionado,android/core/diagnostico/src/main/kotlin/io/signallq/app/core/diagnostico/ModoGamerEngine.kt
513,Modo gamer,Resultado · FPS competitivo,Ação recomendada,"Ative priorização de jogos (QoS) no roteador, se disponível","Ative priorização de jogos (prioridade de tráfego) no roteador, se disponível",Ajustar,Alta,Simplificar termo técnico,Status diferente de OK,Fixo condicionado,android/core/diagnostico/src/main/kotlin/io/signallq/app/core/diagnostico/ModoGamerEngine.kt
514,Modo gamer,Resultado · Battle royale,Mensagem OK,"Latência, jitter e download dentro do esperado para battle royale.","Tempo de resposta, variação do tempo de resposta e download dentro do esperado para battle royale.",Ajustar,Alta,Simplificar termo técnico,Status agregado = OK,Fixo condicionado,android/core/diagnostico/src/main/kotlin/io/signallq/app/core/diagnostico/ModoGamerEngine.kt
515,Modo gamer,Resultado · Battle royale,Mensagem Atenção,"Latência, jitter ou download no limite — pode haver atraso ao entrar na partida ou durante o combate.","O tempo de resposta, a variação do tempo de resposta ou o download estão no limite. Pode haver atraso ao entrar na partida ou durante o combate.",Ajustar,Alta,Simplificar termo técnico; Preservar incerteza,Status agregado = Atenção,Fixo condicionado,android/core/diagnostico/src/main/kotlin/io/signallq/app/core/diagnostico/ModoGamerEngine.kt
516,Modo gamer,Resultado · Battle royale,Mensagem Crítico,Latência ou download comprometidos — isso costuma atrasar o carregamento da partida e travar o combate.,O tempo de resposta ou o download estão comprometidos. Isso costuma atrasar o carregamento da partida e travar o combate.,Ajustar,Média,Simplificar termo técnico,Status agregado = Crítico,Fixo condicionado,android/core/diagnostico/src/main/kotlin/io/signallq/app/core/diagnostico/ModoGamerEngine.kt
517,Modo gamer,Resultado · Battle royale,Ação recomendada,Jogue com cabo de rede em vez de Wi-Fi,Jogue com cabo de rede em vez de Wi-Fi,Manter,Baixa,Clareza e objetividade,Status diferente de OK,Fixo condicionado,android/core/diagnostico/src/main/kotlin/io/signallq/app/core/diagnostico/ModoGamerEngine.kt
518,Modo gamer,Resultado · Battle royale,Ação recomendada,Feche downloads em segundo plano antes de entrar na partida,Feche downloads em segundo plano antes de entrar na partida,Manter,Baixa,Clareza e objetividade,Status diferente de OK,Fixo condicionado,android/core/diagnostico/src/main/kotlin/io/signallq/app/core/diagnostico/ModoGamerEngine.kt
519,Modo gamer,Resultado · MOBA,Mensagem OK,"Jitter, latência e perda dentro do esperado para MOBA.","Variação do tempo de resposta, tempo de resposta e falhas na conexão dentro do esperado para MOBA.",Ajustar,Alta,Simplificar termo técnico,Status agregado = OK,Fixo condicionado,android/core/diagnostico/src/main/kotlin/io/signallq/app/core/diagnostico/ModoGamerEngine.kt
520,Modo gamer,Resultado · MOBA,Mensagem Atenção,Oscilação ou latência no limite — pode haver atraso perceptível em teamfights.,Oscilação ou tempo de resposta no limite. Pode haver atraso perceptível em combates em equipe.,Ajustar,Média,Simplificar termo técnico; Preservar incerteza,Status agregado = Atenção,Fixo condicionado,android/core/diagnostico/src/main/kotlin/io/signallq/app/core/diagnostico/ModoGamerEngine.kt
521,Modo gamer,Resultado · MOBA,Mensagem Crítico,Oscilação ou latência prejudicando a partida — faixa crítica para MOBA competitivo.,Oscilação ou tempo de resposta prejudicando a partida. Faixa crítica para MOBA competitivo.,Ajustar,Média,Simplificar termo técnico,Status agregado = Crítico,Fixo condicionado,android/core/diagnostico/src/main/kotlin/io/signallq/app/core/diagnostico/ModoGamerEngine.kt
522,Modo gamer,Resultado · MOBA,Ação recomendada,Priorize a rede 5GHz perto do roteador,Priorize a rede 5 GHz perto do roteador,Ajustar,Média,Clareza e objetividade,Status diferente de OK,Fixo condicionado,android/core/diagnostico/src/main/kotlin/io/signallq/app/core/diagnostico/ModoGamerEngine.kt
523,Modo gamer,Resultado · MOBA,Ação recomendada,Evite downloads/uploads simultâneos durante a partida,Evite downloads/uploads simultâneos durante a partida,Manter,Baixa,Clareza e objetividade,Status diferente de OK,Fixo condicionado,android/core/diagnostico/src/main/kotlin/io/signallq/app/core/diagnostico/ModoGamerEngine.kt
524,Modo gamer,Resultado · Jogo casual ou mobile,Mensagem OK,Download e latência dentro do esperado para este tipo de jogo.,Download e tempo de resposta dentro do esperado para este tipo de jogo.,Ajustar,Média,Simplificar termo técnico,Status agregado = OK,Fixo condicionado,android/core/diagnostico/src/main/kotlin/io/signallq/app/core/diagnostico/ModoGamerEngine.kt
525,Modo gamer,Resultado · Jogo casual ou mobile,Mensagem Atenção,Download ou latência no limite — pode haver demora ao carregar conteúdo ou pequenos atrasos.,Download ou tempo de resposta no limite. Pode haver demora ao carregar conteúdo ou pequenos atrasos.,Ajustar,Média,Simplificar termo técnico; Preservar incerteza,Status agregado = Atenção,Fixo condicionado,android/core/diagnostico/src/main/kotlin/io/signallq/app/core/diagnostico/ModoGamerEngine.kt
526,Modo gamer,Resultado · Jogo casual ou mobile,Mensagem Crítico,Download ou latência comprometidos — isso costuma travar o carregamento do jogo.,Download ou tempo de resposta comprometidos. Isso costuma travar o carregamento do jogo.,Ajustar,Média,Simplificar termo técnico,Status agregado = Crítico,Fixo condicionado,android/core/diagnostico/src/main/kotlin/io/signallq/app/core/diagnostico/ModoGamerEngine.kt
527,Modo gamer,Resultado · Jogo casual ou mobile,Ação recomendada,Feche downloads/uploads em segundo plano,Feche downloads/uploads em segundo plano,Manter,Baixa,Clareza e objetividade,Status diferente de OK,Fixo condicionado,android/core/diagnostico/src/main/kotlin/io/signallq/app/core/diagnostico/ModoGamerEngine.kt
528,Modo gamer,Resultado · Jogo casual ou mobile,Ação recomendada,Aproxime-se do roteador ou use a rede 5GHz,Aproxime-se do roteador ou use a rede 5 GHz,Ajustar,Média,Clareza e objetividade,Status diferente de OK,Fixo condicionado,android/core/diagnostico/src/main/kotlin/io/signallq/app/core/diagnostico/ModoGamerEngine.kt
529,Modo gamer,Resultado · Streaming em nuvem,Mensagem OK,Download e atraso sob carga dentro do esperado — a rede aguenta streaming de jogo em boa qualidade.,Download e atraso sob carga dentro do esperado. A rede aguenta streaming de jogo em boa qualidade.,Ajustar,Média,Clareza e objetividade,Status agregado = OK,Fixo condicionado,android/core/diagnostico/src/main/kotlin/io/signallq/app/core/diagnostico/ModoGamerEngine.kt
530,Modo gamer,Resultado · Streaming em nuvem,Mensagem Atenção,Download ou atraso sob carga no limite — pode haver perda de qualidade de imagem ou engasgos.,Download ou atraso sob carga no limite. Pode haver perda de qualidade de imagem ou engasgos.,Ajustar,Média,Preservar incerteza,Status agregado = Atenção,Fixo condicionado,android/core/diagnostico/src/main/kotlin/io/signallq/app/core/diagnostico/ModoGamerEngine.kt
531,Modo gamer,Resultado · Streaming em nuvem,Mensagem Crítico,Download baixo com atraso alto sob carga — isso costuma travar o stream do jogo.,Download baixo com atraso alto sob carga. Isso costuma travar a transmissão do jogo.,Ajustar,Média,Clareza e objetividade,Status agregado = Crítico,Fixo condicionado,android/core/diagnostico/src/main/kotlin/io/signallq/app/core/diagnostico/ModoGamerEngine.kt
532,Modo gamer,Resultado · Streaming em nuvem,Ação recomendada,"Use a rede 5GHz/6GHz perto do roteador, evite a faixa 2.4GHz","Perto do roteador, prefira a rede 5 GHz ou 6 GHz. Longe dele ou com paredes no caminho, a 2,4 GHz pode funcionar melhor.",Ajustar,Média,Clareza e objetividade,Status diferente de OK,Fixo condicionado,android/core/diagnostico/src/main/kotlin/io/signallq/app/core/diagnostico/ModoGamerEngine.kt
533,Modo gamer,Resultado · Streaming em nuvem,Ação recomendada,Pause downloads em segundo plano durante a sessão,Pause downloads em segundo plano durante a sessão,Manter,Baixa,Clareza e objetividade,Status diferente de OK,Fixo condicionado,android/core/diagnostico/src/main/kotlin/io/signallq/app/core/diagnostico/ModoGamerEngine.kt
534,Modo gamer,Resultado · Outro tipo de jogo,Mensagem OK,"Latência, jitter e perda dentro do esperado para jogos online em geral.","Tempo de resposta, variação do tempo de resposta e falhas na conexão dentro do esperado para jogos online em geral.",Ajustar,Alta,Simplificar termo técnico,Status agregado = OK,Fixo condicionado,android/core/diagnostico/src/main/kotlin/io/signallq/app/core/diagnostico/ModoGamerEngine.kt
535,Modo gamer,Resultado · Outro tipo de jogo,Mensagem Atenção,Latência ou jitter no limite — pode haver atraso perceptível em momentos de disputa.,Tempo de resposta ou variação do tempo de resposta no limite. Pode haver atraso perceptível em momentos de disputa.,Ajustar,Alta,Simplificar termo técnico; Preservar incerteza,Status agregado = Atenção,Fixo condicionado,android/core/diagnostico/src/main/kotlin/io/signallq/app/core/diagnostico/ModoGamerEngine.kt
536,Modo gamer,Resultado · Outro tipo de jogo,Mensagem Crítico,Latência ou jitter prejudicando a partida — faixa crítica para jogos online.,Tempo de resposta ou variação do tempo de resposta prejudicando a partida. Faixa crítica para jogos online.,Ajustar,Alta,Simplificar termo técnico,Status agregado = Crítico,Fixo condicionado,android/core/diagnostico/src/main/kotlin/io/signallq/app/core/diagnostico/ModoGamerEngine.kt
537,Modo gamer,Resultado · Outro tipo de jogo,Ação recomendada,"Jogue com cabo de rede em vez de Wi-Fi, quando possível","Jogue com cabo de rede em vez de Wi-Fi, quando possível",Manter,Baixa,Clareza e objetividade,Status diferente de OK,Fixo condicionado,android/core/diagnostico/src/main/kotlin/io/signallq/app/core/diagnostico/ModoGamerEngine.kt
538,Modo gamer,Resultado · Outro tipo de jogo,Ação recomendada,Evite downloads/uploads simultâneos durante a partida,Evite downloads/uploads simultâneos durante a partida,Manter,Baixa,Clareza e objetividade,Status diferente de OK,Fixo condicionado,android/core/diagnostico/src/main/kotlin/io/signallq/app/core/diagnostico/ModoGamerEngine.kt
539,Modo gamer,Resultado · Componentes compartilhados,Seção,Como chegamos a esse resultado,Como identifiquei isso,Ajustar,Média,Clareza e objetividade,Sempre,Fixo condicionado,android/app/src/main/kotlin/io/veloo/app/kotlin/ui/component/DiagnosticoResultadoComponents.kt
540,Modo gamer,Resultado · Componentes compartilhados,Rótulo,MEDIDO PELO MOTOR SIGNALLQ,DADOS MEDIDOS PELO SIGNALLQ,Ajustar,Média,Clareza e objetividade,Sempre,Fixo condicionado,android/app/src/main/kotlin/io/veloo/app/kotlin/ui/component/DiagnosticoResultadoComponents.kt
541,Modo gamer,Resultado · Componentes compartilhados,Rótulo,EXPLICADO POR IA,EXPLICAÇÃO DO RESULTADO,Ajustar,Média,Clareza e objetividade,Sempre,Fixo condicionado,android/app/src/main/kotlin/io/veloo/app/kotlin/ui/component/DiagnosticoResultadoComponents.kt
542,Modo gamer,Resultado · Componentes compartilhados,Loading,Preparando a explicação…,Preparando uma explicação simples…,Ajustar,Média,Clareza e objetividade,IA em processamento,Fixo condicionado,android/app/src/main/kotlin/io/veloo/app/kotlin/ui/component/DiagnosticoResultadoComponents.kt
543,Modo gamer,Resultado · Componentes compartilhados,Texto dinâmico,{resumo ou texto da explicação gerada pela IA/fallback local},{resumo ou texto da explicação gerada pela IA/fallback local},Definir regra,Alta,"Aplicar estas mesmas regras no prompt, fallback ou conteúdo externo",IA concluída,Dinâmico IA,android/app/src/main/kotlin/io/veloo/app/kotlin/ui/component/DiagnosticoResultadoComponents.kt
544,Modo gamer,Resultado · Componentes compartilhados,Erro,Não foi possível carregar a explicação da IA — o resultado acima já reflete o motor local.,Não consegui carregar a explicação. O resultado acima continua válido.,Ajustar,Média,Preservar incerteza,Falha da IA,Fixo condicionado,android/app/src/main/kotlin/io/veloo/app/kotlin/ui/component/DiagnosticoResultadoComponents.kt
545,Modo gamer,Resultado · Componentes compartilhados,Nota,"A IA só explica o resultado — quem decide o status é sempre o motor de diagnóstico local, com base nos números medidos acima.",A explicação ajuda a entender o resultado. A avaliação é feita com os dados medidos no seu aparelho.,Ajustar,Média,Clareza e objetividade,Sempre,Fixo condicionado,android/app/src/main/kotlin/io/veloo/app/kotlin/ui/component/DiagnosticoResultadoComponents.kt
546,Modo gamer,Resultado · Componentes compartilhados,Seção,Ações recomendadas,O que fazer agora,Ajustar,Média,Clareza e objetividade,Quando há ações,Fixo condicionado,android/app/src/main/kotlin/io/veloo/app/kotlin/ui/component/DiagnosticoResultadoComponents.kt
547,Publicidade no diagnóstico,Resultado / Modo gamer,Acessibilidade,Dispensar anuncio,Fechar anúncio,Ajustar,Média,Clareza e objetividade,Anúncio carregado,Fixo condicionado,android/app/src/main/kotlin/io/veloo/app/kotlin/ui/component/ads/NativeAdCard.kt
548,Publicidade no diagnóstico,Resultado / Modo gamer,CTA fallback,Ver oferta,Ver oferta,Manter,Baixa,Clareza e objetividade,AdMob não envia callToAction,Fixo condicionado,android/app/src/main/kotlin/io/veloo/app/kotlin/ui/component/ads/NativeAdCard.kt
549,Publicidade no diagnóstico,Resultado / Modo gamer,Título,{headline do anúncio},{headline do anúncio},Definir regra,Média,"Aplicar estas mesmas regras no prompt, fallback ou conteúdo externo",Anúncio carregado,Dinâmico externo,android/app/src/main/kotlin/io/veloo/app/kotlin/ui/component/ads/NativeAdCard.kt
550,Publicidade no diagnóstico,Resultado / Modo gamer,Corpo,{corpo do anúncio},{corpo do anúncio},Definir regra,Média,"Aplicar estas mesmas regras no prompt, fallback ou conteúdo externo",Anúncio carregado,Dinâmico externo,android/app/src/main/kotlin/io/veloo/app/kotlin/ui/component/ads/NativeAdCard.kt
551,Publicidade no diagnóstico,Resultado / Modo gamer,CTA,{call to action do anúncio},{call to action do anúncio},Definir regra,Média,"Aplicar estas mesmas regras no prompt, fallback ou conteúdo externo",Anúncio carregado,Dinâmico externo,android/app/src/main/kotlin/io/veloo/app/kotlin/ui/component/ads/NativeAdCard.kt
552,Publicidade no diagnóstico,Resultado / Modo gamer,Badge,{rótulo de publicidade/parceiro do AdBadge},{rótulo de publicidade/parceiro do AdBadge},Definir regra,Média,"Aplicar estas mesmas regras no prompt, fallback ou conteúdo externo",Anúncio carregado,Dinâmico do componente,android/app/src/main/kotlin/io/veloo/app/kotlin/ui/component/ads/NativeAdCard.kt
